,Patient ID,Uploaded_variation,Gene,Gene ID,Filter,Consequence,Pipeline, Classification,Tumor_DP,Tumor_ALT_DP,Tumor_VAF,Normal_DP,Normal_VAF,Gene expression (FPKM),Impact,Mutation somatic status,COSMIC ID,Protein_change,Protein_position,Transcript_id
345,PT03,chr1_119918544_G/A,NOTCH2,ENSG00000134250,PASS,missense_variant,DNA,Shared,421,119,0.283,162,0.0,6.32501,MODERATE,Confirmed somatic variant,COSV56692249,R/C,1931,ENST00000256646
346,PT03,chr1_162755232_G/A,DDR2,ENSG00000162733,PASS,missense_variant,DNA,DNA-unique,209,74,0.354,69,0.043,2.18528,MODERATE,Reported in another cancer sample as somatic,COSV63374943,R/Q,165,ENST00000367921
347,PT03,chr1_162761416_A/C,DDR2,ENSG00000162733,PASS,missense_variant,DNA,DNA-unique,278,17,0.061,118,0.025,2.18528,MODERATE,,,D/A,354,ENST00000367921
348,PT03,chr1_162770414_C/T,DDR2,ENSG00000162733,PASS,missense_variant,DNA,DNA-unique,278,34,0.122,118,0.008,2.18528,MODERATE,Confirmed somatic variant,COSV100906113,S/L,469,ENST00000367921
349,PT03,chr1_162776228_G/A,DDR2,ENSG00000162733,PASS,missense_variant,DNA,DNA-unique,230,64,0.278,107,0.009,2.18528,MODERATE,Reported in another cancer sample as somatic,COSV63369217,R/Q,714,ENST00000367921
350,PT03,chr1_162776369_T/G,DDR2,ENSG00000162733,PASS,missense_variant,DNA,DNA-unique,201,54,0.269,114,0.0,2.18528,MODERATE,,,L/R,761,ENST00000367921
351,PT03,chr1_162780130_G/A,DDR2,ENSG00000162733,PASS,missense_variant,DNA,DNA-unique,425,15,0.035,189,0.0,2.18528,MODERATE,,,A/T,818,ENST00000367921
352,PT03,chr1_7663449_C/T,CAMTA1,ENSG00000171735,PASS,missense_variant,DNA,DNA-unique,428,130,0.304,159,0.038,86.818,MODERATE,,,S/L,301,ENST00000303635
353,PT03,chr1_7677725_C/T,CAMTA1,ENSG00000171735,PASS,missense_variant,DNA,DNA-unique,239,15,0.063,111,0.009,86.818,MODERATE,Variant of unknown origin,COSV57898583,S/L,969,ENST00000303635
354,PT03,chr1_7736386_C/T,CAMTA1,ENSG00000171735,PASS,missense_variant,DNA,DNA-unique,480,150,0.312,168,0.012,86.818,MODERATE,Confirmed somatic variant,COSV57928941,R/C,1037,ENST00000303635
355,PT03,chr11_108247096_T/G,ATM,ENSG00000149311,PASS,missense_variant,DNA,DNA-unique,223,9,0.04,105,0.0,3.03153,MODERATE,,,L/W,345,ENST00000278616
356,PT03,chr11_108284270_C/A,ATM,ENSG00000149311,PASS,missense_variant,DNA,DNA-unique,169,47,0.278,54,0.037,3.03153,MODERATE,,,H/N,1264,ENST00000278616
357,PT03,chr11_108302905_A/G,ATM,ENSG00000149311,PASS,missense_variant,DNA,Shared,396,108,0.273,188,0.005,3.03153,MODERATE,,,D/G,1791,ENST00000278616
358,PT03,chr11_108330281_C/T,ATM,ENSG00000149311,PASS,missense_variant,DNA,DNA-unique,373,13,0.035,148,0.02,3.03153,MODERATE,Reported in another cancer sample as somatic,COSV53769970,R/C,2459,ENST00000278616
359,PT03,chr11_118473618_C/T,KMT2A,ENSG00000118058,PASS,missense_variant,DNA,DNA-unique,262,67,0.256,104,0.029,3.82603,MODERATE,,,T/I,820,ENST00000389506
360,PT03,chr11_118521919_G/A,KMT2A,ENSG00000118058,PASS,missense_variant,DNA,Shared,302,103,0.341,142,0.0,3.82603,MODERATE,Confirmed somatic variant,COSV63291727,R/Q,3886,ENST00000389506
361,PT03,chr12_114677638_C/A,TBX3,ENSG00000135111,PASS,missense_variant,DNA,Shared,336,97,0.289,161,0.0,10.3573,MODERATE,,,D/Y,295,ENST00000257566
362,PT03,chr12_124344923_G/A,NCOR2,ENSG00000196498,PASS,missense_variant,DNA,Shared,97,34,0.351,62,0.016,27.4653,MODERATE,,,A/V,1453,ENST00000404621
363,PT03,chr12_25225628_C/T,KRAS,ENSG00000133703,PASS,missense_variant,DNA,Shared,176,43,0.244,86,0.0,17.2259,MODERATE,Reported in another cancer sample as somatic,COSV55501778,A/T,146,ENST00000256078
364,PT03,chr12_45817837_G/T,ARID2,ENSG00000189079,PASS,missense_variant,DNA,Shared,418,147,0.352,171,0.006,6.02758,MODERATE,Reported in another cancer sample as somatic,COSV57606825,D/Y,196,ENST00000334344
366,PT03,chr12_49032403_T/A,KMT2D,ENSG00000167548,PASS,missense_variant,DNA,DNA-unique,324,19,0.059,159,0.013,6.46832,MODERATE,,,Q/L,4101,ENST00000301067
367,PT03,chr12_49038648_C/A,KMT2D,ENSG00000167548,PASS,missense_variant,DNA,Shared,295,96,0.325,150,0.007,6.46832,MODERATE,,,R/I,2903,ENST00000301067
368,PT03,chr12_49046272_C/T,KMT2D,ENSG00000167548,PASS,missense_variant,DNA,DNA-unique,346,54,0.156,118,0.034,6.46832,MODERATE,,,R/H,1524,ENST00000301067
369,PT03,chr12_49048008_G/A,KMT2D,ENSG00000167548,PASS,missense_variant,DNA,DNA-unique,192,63,0.328,96,0.0,6.46832,MODERATE,Reported in another cancer sample as somatic,COSV56434590,S/L,1398,ENST00000301067
370,PT03,chr12_56092813_G/T,ERBB3,ENSG00000065361,PASS,missense_variant,DNA,Shared,239,61,0.255,121,0.008,53.9838,MODERATE,Confirmed somatic variant,COSV57262235,E/D,392,ENST00000267101
371,PT03,chr12_70555991_T/G,PTPRB,ENSG00000127329,PASS,missense_variant,DNA,Shared,400,107,0.268,158,0.019,4.6289,MODERATE,,,E/D,1406,ENST00000261266
372,PT03,chr12_70566558_C/T,PTPRB,ENSG00000127329,PASS,missense_variant,DNA,Shared,569,192,0.337,158,0.013,4.6289,MODERATE,,,E/K,1043,ENST00000261266
373,PT03,chr12_70576507_A/G,PTPRB,ENSG00000127329,PASS,missense_variant,DNA,DNA-unique,568,17,0.03,259,0.004,4.6289,MODERATE,,,L/P,688,ENST00000261266
374,PT03,chr13_32338228_A/C,BRCA2,ENSG00000139618,PASS,missense_variant,DNA,DNA-unique,210,17,0.081,73,0.0,1.07487,MODERATE,,,Q/H,1291,ENST00000380152
375,PT03,chr13_32339904_A/C,BRCA2,ENSG00000139618,PASS,missense_variant,DNA,DNA-unique,274,113,0.412,79,0.025,1.07487,MODERATE,,,K/T,1850,ENST00000380152
376,PT03,chr13_32339975_A/T,BRCA2,ENSG00000139618,PASS,missense_variant,DNA,DNA-unique,310,76,0.245,129,0.0,1.07487,MODERATE,,,I/F,1874,ENST00000380152
377,PT03,chr13_32340413_G/A,BRCA2,ENSG00000139618,PASS,missense_variant,DNA,DNA-unique,414,20,0.048,230,0.0,1.07487,MODERATE,Variant of unknown origin,COSV66450746,E/K,2020,ENST00000380152
378,PT03,chr13_32355019_G/T,BRCA2,ENSG00000139618,PASS,missense_variant,DNA,DNA-unique,354,59,0.167,129,0.023,1.07487,MODERATE,Confirmed somatic variant,COSV66462053,R/I,2389,ENST00000380152
379,PT03,chr13_32376723_C/T,BRCA2,ENSG00000139618,PASS,missense_variant,DNA,DNA-unique,319,14,0.044,169,0.0,1.07487,MODERATE,Reported in another cancer sample as somatic,COSV66449189,R/C,2896,ENST00000380152
380,PT03,chr13_32394820_G/A,BRCA2,ENSG00000139618,PASS,missense_variant,DNA,Shared,312,95,0.304,139,0.0,1.07487,MODERATE,,,E/K,3130,ENST00000380152
381,PT03,chr13_32398679_C/A,BRCA2,ENSG00000139618,PASS,missense_variant,DNA,Shared,313,32,0.102,97,0.031,1.07487,MODERATE,,,S/Y,3389,ENST00000380152
382,PT03,chr13_48364914_A/C,RB1,ENSG00000139687,PASS,missense_variant,DNA,Shared,109,18,0.165,52,0.0,17.2829,MODERATE,,,K/N,294,ENST00000267163
383,PT03,chr13_48364932_G/T,RB1,ENSG00000139687,PASS,missense_variant,DNA,DNA-unique,116,5,0.043,52,0.0,17.2829,MODERATE,,,M/I,300,ENST00000267163
384,PT03,chr13_48476749_C/T,RB1,ENSG00000139687,PASS,missense_variant,DNA,DNA-unique,129,27,0.209,54,0.0,17.2829,MODERATE,Confirmed somatic variant,COSV99924939,R/C,857,ENST00000267163
385,PT03,chr14_67179605_C/T,GPHN,ENSG00000171723,PASS,missense_variant,DNA,Shared,188,37,0.197,81,0.0,24.7312,MODERATE,Confirmed somatic variant,COSV100015339,R/C,670,ENST00000315266
386,PT03,chr14_67825514_T/G,RAD51B,ENSG00000182185,PASS,missense_variant,DNA,Shared,275,78,0.284,86,0.0,5.08647,MODERATE,,,S/R,45,ENST00000460526
387,PT03,chr14_95108429_T/G,DICER1,ENSG00000100697,PASS,missense_variant,DNA,Shared,253,78,0.308,106,0.009,6.14608,MODERATE,,,L/F,777,ENST00000343455
388,PT03,chr14_95108466_T/G,DICER1,ENSG00000100697,PASS,missense_variant,DNA,Shared,295,85,0.288,108,0.0,6.14608,MODERATE,,,D/A,765,ENST00000343455
389,PT03,chr15_87933024_T/G,NTRK3,ENSG00000140538,PASS,missense_variant,DNA,DNA-unique,331,113,0.341,134,0.015,0.046227,MODERATE,,,N/T,618,ENST00000357724
390,PT03,chr15_88255966_C/A,NTRK3,ENSG00000140538,PASS,missense_variant,DNA,DNA-unique,130,9,0.069,43,0.0,0.046227,MODERATE,,,G/V,63,ENST00000317501
391,PT03,chr16_10180131_C/T,GRIN2A,ENSG00000183454,PASS,missense_variant,DNA,DNA-unique,221,24,0.109,96,0.0,0.006432,MODERATE,,,R/H,94,ENST00000330684
392,PT03,chr16_293680_G/A,AXIN1,ENSG00000103126,PASS,missense_variant,DNA,DNA-unique,291,22,0.076,126,0.024,13.6864,MODERATE,,,S/F,665,ENST00000262320
393,PT03,chr16_3758915_C/T,CREBBP,ENSG00000005339,PASS,missense_variant,DNA,Shared,390,122,0.313,180,0.006,7.44264,MODERATE,,,R/Q,1103,ENST00000262367
394,PT03,chr16_3850335_C/T,CREBBP,ENSG00000005339,PASS,missense_variant,DNA,Shared,157,47,0.299,74,0.0,7.44264,MODERATE,Variant of unknown origin,COSV52129042,A/T,254,ENST00000262367
395,PT03,chr16_3879878_T/G,CREBBP,ENSG00000005339,PASS,missense_variant,DNA,Shared,71,15,0.211,25,0.0,7.44264,MODERATE,,,K/N,13,ENST00000262367
396,PT03,chr16_72795456_A/C,ZFHX3,ENSG00000140836,PASS,missense_variant,DNA,DNA-unique,358,51,0.142,218,0.005,1.86143,MODERATE,,,L/R,2409,ENST00000268489
397,PT03,chr16_72811939_C/T,ZFHX3,ENSG00000140836,PASS,missense_variant,DNA,DNA-unique,294,17,0.058,157,0.013,1.86143,MODERATE,Variant of unknown origin,COSV51725212,R/Q,1210,ENST00000268489
398,PT03,chr16_72811945_G/A,ZFHX3,ENSG00000140836,PASS,missense_variant,DNA,DNA-unique,280,32,0.114,155,0.013,1.86143,MODERATE,Confirmed somatic variant,COSV51711274,S/L,1208,ENST00000268489
399,PT03,chr16_9764113_T/C,GRIN2A,ENSG00000183454,PASS,missense_variant,DNA,DNA-unique,391,28,0.072,163,0.018,0.006432,MODERATE,,,N/S,1144,ENST00000330684
400,PT03,chr16_9764345_G/A,GRIN2A,ENSG00000183454,PASS,missense_variant,DNA,DNA-unique,447,143,0.32,206,0.0,0.006432,MODERATE,Reported in another cancer sample as somatic,COSV58021247,R/W,1067,ENST00000330684
401,PT03,chr16_9829637_G/T,GRIN2A,ENSG00000183454,PASS,missense_variant,DNA,DNA-unique,302,73,0.242,149,0.0,0.006432,MODERATE,,,S/Y,598,ENST00000330684
402,PT03,chr16_9829643_C/A,GRIN2A,ENSG00000183454,PASS,missense_variant,DNA,DNA-unique,296,9,0.03,141,0.0,0.006432,MODERATE,,,G/V,596,ENST00000330684
403,PT03,chr16_9840694_A/C,GRIN2A,ENSG00000183454,PASS,missense_variant,DNA,DNA-unique,356,40,0.112,117,0.009,0.006432,MODERATE,,,V/G,535,ENST00000330684
404,PT03,chr16_9891098_A/C,GRIN2A,ENSG00000183454,PASS,missense_variant,DNA,DNA-unique,139,39,0.281,71,0.0,0.006432,MODERATE,Confirmed somatic variant,COSV100410250,F/C,337,ENST00000330684
406,PT03,chr17_16070344_C/T,NCOR1,ENSG00000141027,PASS,missense_variant,DNA,Shared,409,130,0.318,165,0.018,40.4255,MODERATE,,,R/H,1445,ENST00000268712
407,PT03,chr17_16126117_T/A,NCOR1,ENSG00000141027,PASS,missense_variant,DNA,DNA-unique,14,3,0.214,25,0.0,40.4255,MODERATE,,,K/N,533,ENST00000268712
408,PT03,chr17_31219044_G/T,NF1,ENSG00000196712,PASS,missense_variant,DNA,Shared,214,72,0.336,84,0.071,6.89767,MODERATE,Confirmed somatic variant,COSV62202266,A/S,523,ENST00000356175
409,PT03,chr17_31258479_A/G,NF1,ENSG00000196712,PASS,missense_variant,DNA,DNA-unique,426,24,0.056,185,0.011,6.89767,MODERATE,,,R/G,1416,ENST00000356175
410,PT03,chr17_31350290_C/T,NF1,ENSG00000196712,PASS,missense_variant,DNA,Shared,243,80,0.329,96,0.021,6.89767,MODERATE,Reported in another cancer sample as somatic,COSV62202451,P/S,2456,ENST00000356175
412,PT03,chr17_39725158_G/A,ERBB2,ENSG00000141736,PASS,missense_variant,DNA,DNA-unique,383,17,0.044,196,0.005,33.4605,MODERATE,,,R/Q,868,ENST00000269571
413,PT03,chr17_39726643_G/A,ERBB2,ENSG00000141736,PASS,missense_variant,DNA,Shared,158,47,0.297,92,0.011,33.4605,MODERATE,,,R/H,985,ENST00000269571
415,PT03,chr17_43092159_G/T,BRCA1,ENSG00000012048,PASS,missense_variant,DNA,Shared,392,102,0.26,171,0.012,6.91369,MODERATE,Confirmed somatic variant,COSV100524930,F/L,1124,ENST00000357654
416,PT03,chr17_43093483_T/G,BRCA1,ENSG00000012048,PASS,missense_variant,DNA,Shared,568,183,0.322,244,0.004,6.91369,MODERATE,,,K/T,683,ENST00000357654
417,PT03,chr17_43093748_C/T,BRCA1,ENSG00000012048,PASS,missense_variant,DNA,Shared,273,16,0.059,135,0.015,6.91369,MODERATE,,,E/K,595,ENST00000357654
420,PT03,chr17_7675139_C/T,TP53,ENSG00000141510,PASS,missense_variant,DNA,Shared,345,115,0.333,193,0.0,79.904,MODERATE,Reported in another cancer sample as somatic,COSV52680378,R/H,158,ENST00000269305
421,PT03,chr17_7675236_A/C,TP53,ENSG00000141510,PASS,missense_variant,DNA,Shared,447,138,0.309,179,0.045,79.904,MODERATE,Reported in another cancer sample as somatic,COSV52661802,Y/D,126,ENST00000269305
422,PT03,chr17_80340302_G/A,RNF213,ENSG00000173821,PASS,missense_variant,DNA,Shared,192,58,0.302,85,0.012,32.271,MODERATE,,,V/M,2028,ENST00000508628
423,PT03,chr18_25226032_C/T,ZNF521,ENSG00000198795,PASS,missense_variant,DNA,DNA-unique,143,39,0.273,82,0.037,0.983614,MODERATE,Reported in another cancer sample as somatic,COSV64132976,R/H,629,ENST00000361524
425,PT03,chr18_25226287_A/C,ZNF521,ENSG00000198795,PASS,missense_variant,DNA,DNA-unique,234,60,0.256,117,0.009,0.983614,MODERATE,,,F/C,544,ENST00000361524
426,PT03,chr18_25226341_G/A,ZNF521,ENSG00000198795,PASS,missense_variant,DNA,DNA-unique,287,73,0.254,112,0.0,0.983614,MODERATE,,,S/F,526,ENST00000361524
427,PT03,chr18_25227295_C/T,ZNF521,ENSG00000198795,PASS,missense_variant,DNA,DNA-unique,177,67,0.379,68,0.044,0.983614,MODERATE,Reported in another cancer sample as somatic,COSV64125440,R/H,208,ENST00000361524
428,PT03,chr18_25227599_A/C,ZNF521,ENSG00000198795,PASS,missense_variant,DNA,DNA-unique,186,52,0.28,84,0.0,0.983614,MODERATE,,,F/V,107,ENST00000361524
429,PT03,chr19_11027833_C/A,SMARCA4,ENSG00000127616,PASS,missense_variant,DNA,Shared,250,80,0.32,114,0.009,50.3252,MODERATE,Confirmed somatic variant,COSV60809515,L/I,1089,ENST00000344626
430,PT03,chr2_100006844_C/A,AFF3,ENSG00000144218,PASS,missense_variant,DNA,DNA-unique,225,12,0.053,124,0.0,0.26448,MODERATE,,,A/S,221,ENST00000317233
431,PT03,chr2_140274518_G/A,LRP1B,ENSG00000168702,PASS,missense_variant,DNA,DNA-unique,338,111,0.328,119,0.008,0.007788,MODERATE,Reported in another cancer sample as somatic,COSV67249413,R/C,4350,ENST00000389484
432,PT03,chr2_140297901_A/C,LRP1B,ENSG00000168702,PASS,missense_variant,DNA,DNA-unique,271,74,0.273,141,0.0,0.007788,MODERATE,Variant of unknown origin,COSV105932107,F/V,4292,ENST00000389484
433,PT03,chr2_140370806_G/A,LRP1B,ENSG00000168702,PASS,missense_variant,DNA,DNA-unique,564,183,0.324,204,0.0,0.007788,MODERATE,Confirmed somatic variant,COSV67200323,R/W,3638,ENST00000389484
434,PT03,chr2_140485368_C/T,LRP1B,ENSG00000168702,PASS,missense_variant,DNA,DNA-unique,395,115,0.291,188,0.0,0.007788,MODERATE,Confirmed somatic variant,COSV67285900,D/N,3134,ENST00000389484
435,PT03,chr2_140487732_T/C,LRP1B,ENSG00000168702,PASS,missense_variant,DNA,DNA-unique,84,27,0.321,32,0.0,0.007788,MODERATE,Confirmed somatic variant,COSV101261828,N/S,3043,ENST00000389484
437,PT03,chr2_140700271_C/A,LRP1B,ENSG00000168702,PASS,missense_variant,DNA,DNA-unique,303,74,0.244,132,0.008,0.007788,MODERATE,,,D/Y,2260,ENST00000389484
438,PT03,chr2_140716730_T/C,LRP1B,ENSG00000168702,PASS,missense_variant,DNA,DNA-unique,314,99,0.315,119,0.0,0.007788,MODERATE,,,T/A,1949,ENST00000389484
439,PT03,chr2_140813761_G/A,LRP1B,ENSG00000168702,PASS,missense_variant,DNA,DNA-unique,243,24,0.099,107,0.019,0.007788,MODERATE,Reported in another cancer sample as somatic,COSV67215776,S/L,1752,ENST00000389484
440,PT03,chr2_140851756_C/T,LRP1B,ENSG00000168702,PASS,missense_variant,DNA,DNA-unique,317,109,0.344,116,0.026,0.007788,MODERATE,Confirmed somatic variant,COSV67250912,G/D,1536,ENST00000389484
441,PT03,chr2_140867711_G/C,LRP1B,ENSG00000168702,PASS,missense_variant,DNA,DNA-unique,274,74,0.27,105,0.019,0.007788,MODERATE,,,D/E,1486,ENST00000389484
442,PT03,chr2_140994060_G/A,LRP1B,ENSG00000168702,PASS,missense_variant,DNA,DNA-unique,440,17,0.039,155,0.013,0.007788,MODERATE,,,A/V,860,ENST00000389484
443,PT03,chr2_141810290_G/T,LRP1B,ENSG00000168702,PASS,missense_variant,DNA,DNA-unique,209,69,0.33,90,0.0,0.007788,MODERATE,,,S/Y,65,ENST00000389484
444,PT03,chr2_141810354_T/C,LRP1B,ENSG00000168702,PASS,missense_variant,DNA,DNA-unique,408,115,0.282,193,0.005,0.007788,MODERATE,Variant of unknown origin,COSV67260220,T/A,44,ENST00000389484
445,PT03,chr2_141810363_C/T,LRP1B,ENSG00000168702,PASS,missense_variant,DNA,DNA-unique,394,118,0.299,202,0.02,0.007788,MODERATE,Reported in another cancer sample as somatic,COSV67184425,D/N,41,ENST00000389484
446,PT03,chr2_147899863_A/G,ACVR2A,ENSG00000121989,PASS,missense_variant,DNA,DNA-unique,375,18,0.048,119,0.017,2.06961,MODERATE,,,K/E,165,ENST00000241416
447,PT03,chr2_147915263_G/A,ACVR2A,ENSG00000121989,PASS,missense_variant,DNA,Shared,301,103,0.342,98,0.02,2.06961,MODERATE,,,G/R,201,ENST00000241416
448,PT03,chr2_201266512_A/G,CASP8,ENSG00000064012,PASS,missense_variant,DNA,Shared,268,98,0.366,123,0.0,13.0462,MODERATE,,,D/G,9,ENST00000264275
450,PT03,chr2_211386885_T/C,ERBB4,ENSG00000178568,PASS,missense_variant,DNA,DNA-unique,377,102,0.271,126,0.032,0.001831,MODERATE,Confirmed somatic variant,COSV61461311,Y/C,1124,ENST00000260943
451,PT03,chr2_211387053_G/A,ERBB4,ENSG00000178568,PASS,missense_variant,DNA,DNA-unique,527,140,0.266,275,0.004,0.001831,MODERATE,,,A/V,1068,ENST00000260943
453,PT03,chr2_211562031_A/G,ERBB4,ENSG00000178568,PASS,missense_variant,DNA,DNA-unique,360,85,0.236,132,0.023,0.001831,MODERATE,,,C/R,777,ENST00000260943
455,PT03,chr2_211947535_G/A,ERBB4,ENSG00000178568,PASS,missense_variant,DNA,DNA-unique,440,126,0.286,165,0.006,0.001831,MODERATE,Reported in another cancer sample as somatic,COSV53515716,R/C,106,ENST00000260943
457,PT03,chr2_29197597_C/T,ALK,ENSG00000171094,PASS,missense_variant,DNA,DNA-unique,423,143,0.338,206,0.019,0.046086,MODERATE,,,E/K,1340,ENST00000389048
458,PT03,chr2_29226960_T/C,ALK,ENSG00000171094,PASS,missense_variant,DNA,DNA-unique,362,119,0.329,182,0.0,0.046086,MODERATE,,,H/R,1010,ENST00000389048
459,PT03,chr2_99582962_G/A,AFF3,ENSG00000144218,PASS,missense_variant,DNA,DNA-unique,347,34,0.098,159,0.0,0.26448,MODERATE,Reported in another cancer sample as somatic,COSV57838935,R/W,877,ENST00000317233
460,PT03,chr20_58909958_C/T,GNAS,ENSG00000087460,PASS,missense_variant,DNA,Shared,323,110,0.341,170,0.018,291.261,MODERATE,Reported in another cancer sample as somatic,COSV55690068,R/C,268,ENST00000265620
461,PT03,chr22_41146768_C/T,EP300,ENSG00000100393,PASS,missense_variant,DNA,DNA-unique,348,33,0.095,181,0.006,6.71053,MODERATE,Confirmed somatic variant,COSV54346077,R/C,695,ENST00000263253
462,PT03,chr22_41160692_C/A,EP300,ENSG00000100393,PASS,missense_variant,DNA,Shared,227,75,0.33,102,0.01,6.71053,MODERATE,Confirmed somatic variant,COSV54325808,S/Y,1214,ENST00000263253
464,PT03,chr22_41177973_C/T,EP300,ENSG00000100393,PASS,missense_variant,DNA,Shared,424,148,0.349,243,0.029,6.71053,MODERATE,Variant of unknown origin,COSV54329503,R/W,2088,ENST00000263253
465,PT03,chr3_142470144_C/T,ATR,ENSG00000175054,PASS,missense_variant,DNA,Shared,77,7,0.091,34,0.0,4.31953,MODERATE,,,M/I,2087,ENST00000350721
466,PT03,chr3_142507961_T/G,ATR,ENSG00000175054,PASS,missense_variant,DNA,Shared,118,16,0.136,69,0.0,4.31953,MODERATE,,,Q/H,1667,ENST00000350721
468,PT03,chr3_142562502_C/A,ATR,ENSG00000175054,PASS,missense_variant,DNA,DNA-unique,370,101,0.273,178,0.0,4.31953,MODERATE,,,K/N,300,ENST00000350721
470,PT03,chr3_142562990_T/C,ATR,ENSG00000175054,PASS,missense_variant,DNA,DNA-unique,276,20,0.072,127,0.0,4.31953,MODERATE,,,S/G,138,ENST00000350721
471,PT03,chr3_142568071_A/G,ATR,ENSG00000175054,PASS,missense_variant,DNA,DNA-unique,67,9,0.134,23,0.0,4.31953,MODERATE,,,V/A,48,ENST00000350721
472,PT03,chr3_179199088_G/A,PIK3CA,ENSG00000121879,PASS,missense_variant,DNA,Shared,220,72,0.327,102,0.01,3.42641,MODERATE,Reported in another cancer sample as somatic,COSV55874568,R/Q,88,ENST00000263967
473,PT03,chr3_179229331_G/A,PIK3CA,ENSG00000121879,PASS,missense_variant,DNA,DNA-unique,360,24,0.067,130,0.015,3.42641,MODERATE,Confirmed somatic variant,COSV55937359,R/Q,852,ENST00000263967
475,PT03,chr3_47019787_C/A,SETD2,ENSG00000181555,PASS,missense_variant,DNA,Shared,377,37,0.098,175,0.0,7.72716,MODERATE,,,K/N,2468,ENST00000409792
476,PT03,chr3_47083985_T/A,SETD2,ENSG00000181555,PASS,missense_variant,DNA,DNA-unique,574,31,0.054,199,0.025,7.72716,MODERATE,,,Q/L,1932,ENST00000409792
477,PT03,chr3_47086253_C/A,SETD2,ENSG00000181555,PASS,missense_variant,DNA,DNA-unique,489,30,0.061,178,0.011,7.72716,MODERATE,Variant of unknown origin,COSV105884949,W/L,1780,ENST00000409792
478,PT03,chr3_47123809_T/C,SETD2,ENSG00000181555,PASS,missense_variant,DNA,DNA-unique,543,121,0.223,228,0.013,7.72716,MODERATE,,,D/G,148,ENST00000330022
479,PT03,chr3_47124463_C/T,SETD2,ENSG00000181555,PASS,missense_variant,DNA,Shared,410,109,0.266,134,0.0,7.72716,MODERATE,Confirmed somatic variant,COSV57456161,G/D,58,ENST00000409792
480,PT03,chr4_125319873_A/C,FAT4,ENSG00000196159,PASS,missense_variant,DNA,DNA-unique,590,156,0.264,209,0.01,0.334076,MODERATE,,,E/D,1154,ENST00000394329
481,PT03,chr4_125319920_G/T,FAT4,ENSG00000196159,PASS,missense_variant,DNA,DNA-unique,539,152,0.282,190,0.053,0.334076,MODERATE,,,R/I,1170,ENST00000394329
482,PT03,chr4_125406934_C/T,FAT4,ENSG00000196159,PASS,missense_variant,DNA,DNA-unique,191,59,0.309,75,0.027,0.334076,MODERATE,Confirmed somatic variant,COSV58686429,R/C,86,ENST00000335110
483,PT03,chr4_125450768_C/A,FAT4,ENSG00000196159,PASS,missense_variant,DNA,DNA-unique,366,113,0.309,170,0.0,0.334076,MODERATE,,,T/N,1549,ENST00000335110
484,PT03,chr4_125450830_A/G,FAT4,ENSG00000196159,PASS,missense_variant,DNA,DNA-unique,310,82,0.265,154,0.0,0.334076,MODERATE,,,N/D,1570,ENST00000335110
485,PT03,chr4_125452214_T/G,FAT4,ENSG00000196159,PASS,missense_variant,DNA,DNA-unique,477,17,0.036,183,0.0,0.334076,MODERATE,,,F/C,2031,ENST00000335110
486,PT03,chr4_125481590_A/G,FAT4,ENSG00000196159,PASS,missense_variant,DNA,DNA-unique,249,58,0.233,133,0.0,0.334076,MODERATE,,,E/G,2464,ENST00000335110
487,PT03,chr4_125490806_C/A,FAT4,ENSG00000196159,PASS,missense_variant,DNA,DNA-unique,463,139,0.3,178,0.022,0.334076,MODERATE,,,Q/K,2903,ENST00000335110
488,PT03,chr4_125491470_A/C,FAT4,ENSG00000196159,PASS,missense_variant,DNA,DNA-unique,295,98,0.332,153,0.007,0.334076,MODERATE,,,N/T,3124,ENST00000335110
489,PT03,chr4_186588875_G/T,FAT1,ENSG00000083857,PASS,missense_variant,DNA,Shared,456,152,0.333,200,0.05,50.4829,MODERATE,,,P/H,4495,ENST00000441802
490,PT03,chr4_186588999_C/T,FAT1,ENSG00000083857,PASS,missense_variant,DNA,Shared,428,157,0.367,200,0.0,50.4829,MODERATE,Reported in another cancer sample as somatic,COSV71672298,E/K,4454,ENST00000441802
491,PT03,chr4_186589065_C/T,FAT1,ENSG00000083857,PASS,missense_variant,DNA,Shared,403,125,0.31,159,0.006,50.4829,MODERATE,Confirmed somatic variant,COSV71676245,E/K,4432,ENST00000441802
492,PT03,chr4_186596653_C/T,FAT1,ENSG00000083857,PASS,missense_variant,DNA,DNA-unique,334,13,0.039,119,0.0,50.4829,MODERATE,,,R/Q,4296,ENST00000441802
493,PT03,chr4_186611713_C/T,FAT1,ENSG00000083857,PASS,missense_variant,DNA,Shared,266,94,0.353,145,0.007,50.4829,MODERATE,Reported in another cancer sample as somatic,COSV71676034,E/K,3176,ENST00000441802
494,PT03,chr4_186613202_C/T,FAT1,ENSG00000083857,PASS,missense_variant,DNA,Shared,145,37,0.255,58,0.017,50.4829,MODERATE,Reported in another cancer sample as somatic,COSV71673382,E/K,3124,ENST00000441802
495,PT03,chr4_186621658_C/T,FAT1,ENSG00000083857,PASS,missense_variant,DNA,DNA-unique,257,51,0.198,118,0.11,50.4829,MODERATE,,,G/D,1643,ENST00000441802
496,PT03,chr4_186621764_T/G,FAT1,ENSG00000083857,PASS,missense_variant,DNA,Shared,95,28,0.295,45,0.0,50.4829,MODERATE,,,N/H,1608,ENST00000441802
497,PT03,chr4_186709741_C/A,FAT1,ENSG00000083857,PASS,missense_variant,DNA,DNA-unique,205,63,0.307,65,0.015,50.4829,MODERATE,,,Q/H,29,ENST00000441802
498,PT03,chr4_86735636_G/A,PTPN13,ENSG00000163629,PASS,missense_variant,DNA,DNA-unique,462,57,0.123,202,0.005,4.97796,MODERATE,Reported in another cancer sample as somatic,COSV57409654,A/T,732,ENST00000316707
499,PT03,chr4_86769920_A/C,PTPN13,ENSG00000163629,PASS,missense_variant,DNA,DNA-unique,456,14,0.031,221,0.0,4.97796,MODERATE,,,K/N,1356,ENST00000316707
500,PT03,chr4_86799180_A/G,PTPN13,ENSG00000163629,PASS,missense_variant,DNA,DNA-unique,203,9,0.044,79,0.0,4.97796,MODERATE,,,T/A,1970,ENST00000316707
501,PT03,chr5_112828881_T/G,APC,ENSG00000134982,PASS,missense_variant,DNA,DNA-unique,180,58,0.322,76,0.0,4.58774,MODERATE,,,L/W,551,ENST00000257430
503,PT03,chr5_112839512_A/C,APC,ENSG00000134982,PASS,missense_variant,DNA,DNA-unique,465,13,0.028,227,0.0,4.58774,MODERATE,,,E/D,1306,ENST00000257430
505,PT03,chr5_112840581_G/A,APC,ENSG00000134982,PASS,missense_variant,DNA,DNA-unique,468,49,0.105,183,0.0,4.58774,MODERATE,Reported in another cancer sample as somatic,COSV99072973,E/K,1663,ENST00000257430
506,PT03,chr5_112841680_C/A,APC,ENSG00000134982,PASS,missense_variant,DNA,Shared,475,138,0.291,148,0.007,4.58774,MODERATE,Reported in another cancer sample as somatic,COSV99964923,S/Y,2029,ENST00000257430
508,PT03,chr5_112842514_C/T,APC,ENSG00000134982,PASS,missense_variant,DNA,Shared,429,150,0.35,249,0.032,4.58774,MODERATE,Reported in another cancer sample as somatic,COSV57330138,S/L,2307,ENST00000257430
509,PT03,chr5_112842744_T/G,APC,ENSG00000134982,PASS,missense_variant,DNA,Shared,516,169,0.328,203,0.015,4.58774,MODERATE,,,L/V,2384,ENST00000257430
510,PT03,chr5_112843291_G/T,APC,ENSG00000134982,PASS,missense_variant,DNA,Shared,372,121,0.325,176,0.006,4.58774,MODERATE,Confirmed somatic variant,COSV57353937,R/I,2566,ENST00000257430
511,PT03,chr5_177135972_G/A,NSD1,ENSG00000165671,PASS,missense_variant,DNA,Shared,353,118,0.334,184,0.011,7.75444,MODERATE,Confirmed somatic variant,COSV61770659,G/E,290,ENST00000439151
512,PT03,chr5_56882804_C/T,MAP3K1,ENSG00000095015,PASS,missense_variant,DNA,Shared,376,118,0.314,174,0.0,4.58179,MODERATE,,,L/F,1202,ENST00000399503
514,PT03,chr5_68226977_C/A,PIK3R1,ENSG00000145675,PASS,missense_variant,DNA,Shared,226,68,0.301,91,0.0,4.36207,MODERATE,,,S/Y,101,ENST00000517643
516,PT03,chr6_151842776_G/T,ESR1,ENSG00000091831,PASS,missense_variant,DNA,DNA-unique,412,140,0.34,186,0.0,0.039807,MODERATE,Reported in another cancer sample as somatic,COSV52796750,R/I,211,ENST00000206249
517,PT03,chr6_151880739_G/A,ESR1,ENSG00000091831,PASS,missense_variant,DNA,DNA-unique,268,90,0.336,126,0.0,0.039807,MODERATE,Confirmed somatic variant,COSV52781671,R/H,243,ENST00000206249
518,PT03,chr6_152011773_C/T,ESR1,ENSG00000091831,PASS,missense_variant,DNA,DNA-unique,412,92,0.223,191,0.01,0.039807,MODERATE,,,A/V,405,ENST00000206249
519,PT03,chr6_157110531_T/G,ARID1B,ENSG00000049618,PASS,missense_variant,DNA,DNA-unique,371,18,0.049,182,0.0,9.0154,MODERATE,,,L/V,189,ENST00000319584
520,PT03,chr6_157167049_T/G,ARID1B,ENSG00000049618,PASS,missense_variant,DNA,Shared,438,129,0.295,146,0.007,9.0154,MODERATE,,,S/R,371,ENST00000319584
522,PT03,chr7_116700121_T/G,MET,ENSG00000105976,PASS,missense_variant,DNA,Shared,404,125,0.309,187,0.0,19.2129,MODERATE,,,F/C,346,ENST00000318493
523,PT03,chr7_116778944_G/A,MET,ENSG00000105976,PASS,missense_variant,DNA,Shared,379,119,0.314,134,0.0,19.2129,MODERATE,Confirmed somatic variant,COSV59265581,R/Q,1188,ENST00000318493
524,PT03,chr7_140800428_G/A,BRAF,ENSG00000157764,PASS,missense_variant,DNA,Shared,163,66,0.405,43,0.047,6.74261,MODERATE,Reported in another cancer sample as somatic,COSV56159745,A/V,305,ENST00000288602
525,PT03,chr7_152148282_G/A,KMT2C,ENSG00000055609,PASS,missense_variant,DNA,Shared,311,102,0.328,130,0.008,4.46188,MODERATE,Reported in another cancer sample as somatic,COSV51294405,R/C,4549,ENST00000262189
526,PT03,chr7_152158990_T/G,KMT2C,ENSG00000055609,PASS,missense_variant,DNA,Shared,374,125,0.334,151,0.0,4.46188,MODERATE,,,K/T,3848,ENST00000262189
527,PT03,chr7_152194054_G/A,KMT2C,ENSG00000055609,PASS,missense_variant,DNA,DNA-unique,322,103,0.32,103,0.039,4.46188,MODERATE,,,P/S,1539,ENST00000262189
528,PT03,chr7_152195969_T/C,KMT2C,ENSG00000055609,PASS,missense_variant,DNA,DNA-unique,204,65,0.319,72,0.0,4.46188,MODERATE,,,N/S,1439,ENST00000262189
529,PT03,chr7_152224053_T/A,KMT2C,ENSG00000055609,PASS,missense_variant,DNA,DNA-unique,379,15,0.04,161,0.012,4.46188,MODERATE,,,R/S,1095,ENST00000262189
530,PT03,chr7_152248246_A/C,KMT2C,ENSG00000055609,PASS,missense_variant,DNA,DNA-unique,332,98,0.295,167,0.0,4.46188,MODERATE,,,S/A,730,ENST00000262189
531,PT03,chr7_98892478_C/A,TRRAP,ENSG00000196367,PASS,missense_variant,DNA,Shared,264,66,0.25,111,0.0,4.982,MODERATE,,,L/I,106,ENST00000355540
532,PT03,chr7_98917429_A/G,TRRAP,ENSG00000196367,PASS,missense_variant,DNA,DNA-unique,260,71,0.273,130,0.038,4.982,MODERATE,,,N/S,791,ENST00000355540
533,PT03,chr7_98917503_C/T,TRRAP,ENSG00000196367,PASS,missense_variant,DNA,Shared,311,103,0.331,191,0.005,4.982,MODERATE,Reported in another cancer sample as somatic,COSV62842499,R/W,816,ENST00000355540
534,PT03,chr7_98965794_A/G,TRRAP,ENSG00000196367,PASS,missense_variant,DNA,Shared,419,62,0.148,196,0.005,4.982,MODERATE,,,T/A,2334,ENST00000355540
535,PT03,chr7_98967609_C/T,TRRAP,ENSG00000196367,PASS,missense_variant,DNA,Shared,271,67,0.247,140,0.0,4.982,MODERATE,,,R/C,2450,ENST00000355540
536,PT03,chr8_108082556_C/T,RSPO2,ENSG00000147655,PASS,missense_variant,DNA,DNA-unique,261,83,0.318,129,0.016,0.067602,MODERATE,Confirmed somatic variant,COSV105104648,R/H,28,ENST00000276659
537,PT03,chr8_68044510_C/T,PREX2,ENSG00000046889,PASS,missense_variant,DNA,DNA-unique,151,10,0.066,68,0.0,0.324907,MODERATE,,,S/F,288,ENST00000288368
538,PT03,chr9_136500649_C/T,NOTCH1,ENSG00000148400,PASS,missense_variant,DNA,Shared,140,53,0.379,43,0.047,6.09182,MODERATE,Reported in another cancer sample as somatic,COSV53035995,R/H,1946,ENST00000651671
539,PT03,chr9_136505019_C/T,NOTCH1,ENSG00000148400,PASS,missense_variant,DNA,DNA-unique,123,17,0.138,65,0.0,6.09182,MODERATE,,,G/R,1558,ENST00000651671
540,PT03,chrX_124064017_A/C,STAG2,ENSG00000101972,PASS,missense_variant,DNA,Shared,155,83,0.535,72,0.0,20.7677,MODERATE,,,K/T,664,ENST00000218089
542,PT03,chrX_45089756_T/G,KDM6A,ENSG00000147050,PASS,missense_variant,DNA,Shared,82,58,0.707,31,0.0,5.36477,MODERATE,,,F/V,1188,ENST00000377967
544,PT03,chr1_119918544_G/A,NOTCH2,ENSG00000134250,PASS,missense_variant,RNA,Shared,27,9,0.3333,254,0.0,6.32501,MODERATE,Confirmed somatic variant,COSV56692249,R/C,1931,ENST00000256646
545,PT03,chr1_120069346_C/T,NOTCH2,ENSG00000134250,PASS,missense_variant,RNA,RNA-unique,18,2,0.1111,11,0.0,6.32501,MODERATE,Reported in another cancer sample as somatic,COSV56681399,A/T,21,ENST00000256646
546,PT03,chr1_162755705_G/T,DDR2,ENSG00000162733,PASS,missense_variant,RNA,RNA-unique,11,2,0.1818,135,0.0,2.18528,MODERATE,,,V/L,203,ENST00000367921
547,PT03,chr11_108302905_A/G,ATM,ENSG00000149311,PASS,missense_variant,RNA,Shared,12,4,0.3333,235,0.0,3.03153,MODERATE,,,D/G,1791,ENST00000278616
548,PT03,chr11_108316048_G/A,ATM,ENSG00000149311,PASS,missense_variant,RNA,RNA-unique,16,2,0.125,211,0.0,3.03153,MODERATE,Confirmed somatic variant,COSV53772897,A/T,2045,ENST00000278616
550,PT03,chr11_118521919_G/A,KMT2A,ENSG00000118058,PASS,missense_variant,RNA,Shared,22,6,0.2727,216,0.0,3.82603,MODERATE,Confirmed somatic variant,COSV63291727,R/Q,3886,ENST00000389506
551,PT03,chr12_114677638_C/A,TBX3,ENSG00000135111,PASS,missense_variant,RNA,Shared,60,27,0.4576,250,0.0,10.3573,MODERATE,,,D/Y,295,ENST00000257566
552,PT03,chr12_124340172_C/T,NCOR2,ENSG00000196498,PASS,missense_variant,RNA,RNA-unique,114,25,0.2193,66,0.0,27.4653,MODERATE,,,G/S,1831,ENST00000404621
553,PT03,chr12_124340193_T/TGCCGCTGCT,NCOR2,ENSG00000196498,PASS,Inframe_variant,RNA,RNA-unique,95,24,0.2526,130,0.0,27.4653,MODERATE,,,-/SSG,1823,ENST00000404621
554,PT03,chr12_124344923_G/A,NCOR2,ENSG00000196498,PASS,missense_variant,RNA,Shared,72,23,0.3286,100,0.0102,27.4653,MODERATE,,,A/V,1453,ENST00000404621
555,PT03,chr12_124402491_T/C,NCOR2,ENSG00000196498,PASS,missense_variant,RNA,RNA-unique,17,2,0.1176,82,0.0,27.4653,MODERATE,,,E/G,517,ENST00000404621
556,PT03,chr12_124402549_G/GCTG,NCOR2,ENSG00000196498,PASS,Inframe_variant,RNA,RNA-unique,34,7,0.2059,102,0.0,27.4653,MODERATE,,,-/Q,497,ENST00000404621
557,PT03,chr12_25225628_C/T,KRAS,ENSG00000133703,PASS,missense_variant,RNA,Shared,64,28,0.4444,137,0.0,17.2259,MODERATE,Reported in another cancer sample as somatic,COSV55501778,A/T,146,ENST00000256078
558,PT03,chr12_45817837_G/T,ARID2,ENSG00000189079,PASS,missense_variant,RNA,Shared,12,7,0.5833,314,0.0,6.02758,MODERATE,Reported in another cancer sample as somatic,COSV57606825,D/Y,196,ENST00000334344
560,PT03,chr12_49038648_C/A,KMT2D,ENSG00000167548,PASS,missense_variant,RNA,Shared,10,3,0.3,383,0.0,6.46832,MODERATE,,,R/I,2903,ENST00000301067
561,PT03,chr12_56092813_G/T,ERBB3,ENSG00000065361,PASS,missense_variant,RNA,Shared,107,45,0.4206,204,0.0,53.9838,MODERATE,Confirmed somatic variant,COSV57262235,E/D,392,ENST00000267101
562,PT03,chr12_70555991_T/G,PTPRB,ENSG00000127329,PASS,missense_variant,RNA,Shared,20,8,0.4,364,0.0,4.6289,MODERATE,,,E/D,1406,ENST00000261266
563,PT03,chr12_70566558_C/T,PTPRB,ENSG00000127329,PASS,missense_variant,RNA,Shared,26,9,0.3462,362,0.0,4.6289,MODERATE,,,E/K,1043,ENST00000261266
564,PT03,chr13_32394820_G/A,BRCA2,ENSG00000139618,PASS,missense_variant,RNA,Shared,20,10,0.5,358,0.0,1.07487,MODERATE,,,E/K,3130,ENST00000380152
565,PT03,chr13_32398679_C/A,BRCA2,ENSG00000139618,PASS,missense_variant,RNA,Shared,20,5,0.25,259,0.0,1.07487,MODERATE,,,S/Y,3389,ENST00000380152
566,PT03,chr13_48364914_A/C,RB1,ENSG00000139687,PASS,missense_variant,RNA,Shared,45,31,0.6889,63,0.0,17.2829,MODERATE,,,K/N,294,ENST00000267163
567,PT03,chr14_67179605_C/T,GPHN,ENSG00000171723,PASS,missense_variant,RNA,Shared,140,71,0.5108,131,0.0,24.7312,MODERATE,Confirmed somatic variant,COSV100015339,R/C,670,ENST00000315266
568,PT03,chr14_67825514_T/G,RAD51B,ENSG00000182185,PASS,missense_variant,RNA,Shared,18,8,0.4444,193,0.0,5.08647,MODERATE,,,S/R,45,ENST00000460526
569,PT03,chr14_95108429_T/G,DICER1,ENSG00000100697,PASS,missense_variant,RNA,Shared,26,14,0.5385,149,0.0069,6.14608,MODERATE,,,L/F,777,ENST00000343455
570,PT03,chr14_95108466_T/G,DICER1,ENSG00000100697,PASS,missense_variant,RNA,Shared,28,17,0.6071,160,0.0,6.14608,MODERATE,,,D/A,765,ENST00000343455
571,PT03,chr16_3758915_C/T,CREBBP,ENSG00000005339,PASS,missense_variant,RNA,Shared,70,25,0.3571,313,0.0,7.44264,MODERATE,,,R/Q,1103,ENST00000262367
572,PT03,chr16_3850335_C/T,CREBBP,ENSG00000005339,PASS,missense_variant,RNA,Shared,24,10,0.4167,157,0.0,7.44264,MODERATE,Variant of unknown origin,COSV52129042,A/T,254,ENST00000262367
573,PT03,chr16_3879878_T/G,CREBBP,ENSG00000005339,PASS,missense_variant,RNA,Shared,14,5,0.3571,40,0.0,7.44264,MODERATE,,,K/N,13,ENST00000262367
574,PT03,chr17_16070344_C/T,NCOR1,ENSG00000141027,PASS,missense_variant,RNA,Shared,152,71,0.4671,319,0.0,40.4255,MODERATE,,,R/H,1445,ENST00000268712
575,PT03,chr17_31219044_G/T,NF1,ENSG00000196712,PASS,missense_variant,RNA,Shared,19,5,0.2632,197,0.0,6.89767,MODERATE,Confirmed somatic variant,COSV62202266,A/S,523,ENST00000356175
576,PT03,chr17_31350290_C/T,NF1,ENSG00000196712,PASS,missense_variant,RNA,Shared,28,13,0.4643,161,0.0,6.89767,MODERATE,Reported in another cancer sample as somatic,COSV62202451,P/S,2456,ENST00000356175
578,PT03,chr17_39726643_G/A,ERBB2,ENSG00000141736,PASS,missense_variant,RNA,Shared,439,197,0.4498,197,0.0053,33.4605,MODERATE,,,R/H,985,ENST00000269571
579,PT03,chr17_43092159_G/T,BRCA1,ENSG00000012048,PASS,missense_variant,RNA,Shared,17,8,0.4706,275,0.0,6.91369,MODERATE,Confirmed somatic variant,COSV100524930,F/L,1124,ENST00000357654
580,PT03,chr17_43093483_T/G,BRCA1,ENSG00000012048,PASS,missense_variant,RNA,Shared,30,12,0.4138,406,0.0,6.91369,MODERATE,,,K/T,683,ENST00000357654
581,PT03,chr17_43093748_C/T,BRCA1,ENSG00000012048,PASS,missense_variant,RNA,Shared,18,2,0.1111,266,0.0,6.91369,MODERATE,,,E/K,595,ENST00000357654
582,PT03,chr17_7675139_C/T,TP53,ENSG00000141510,PASS,missense_variant,RNA,Shared,414,223,0.54,256,0.0041,79.904,MODERATE,Reported in another cancer sample as somatic,COSV52680378,R/H,158,ENST00000269305
583,PT03,chr17_7675236_A/C,TP53,ENSG00000141510,PASS,missense_variant,RNA,Shared,421,149,0.3556,322,0.0,79.904,MODERATE,Reported in another cancer sample as somatic,COSV52661802,Y/D,126,ENST00000269305
584,PT03,chr17_80340302_G/A,RNF213,ENSG00000173821,PASS,missense_variant,RNA,Shared,14,3,0.2143,215,0.0198,32.271,MODERATE,,,V/M,2028,ENST00000508628
585,PT03,chr19_11027833_C/A,SMARCA4,ENSG00000127616,PASS,missense_variant,RNA,Shared,208,86,0.4135,227,0.0,50.3252,MODERATE,Confirmed somatic variant,COSV60809515,L/I,1089,ENST00000344626
586,PT03,chr2_147915263_G/A,ACVR2A,ENSG00000121989,PASS,missense_variant,RNA,Shared,18,9,0.5,248,0.0,2.06961,MODERATE,,,G/R,201,ENST00000241416
587,PT03,chr2_201266512_A/G,CASP8,ENSG00000064012,PASS,missense_variant,RNA,Shared,37,8,0.2162,242,0.0,13.0462,MODERATE,,,D/G,9,ENST00000264275
589,PT03,chr2_208245372_T/C,IDH1,ENSG00000138413,PASS,missense_variant,RNA,RNA-unique,362,44,0.1232,55,0.0,77.9781,MODERATE,,,Y/C,156,ENST00000345146
590,PT03,chr20_58909958_C/T,GNAS,ENSG00000087460,PASS,missense_variant,RNA,Shared,1758,673,0.3906,319,0.0032,291.261,MODERATE,Reported in another cancer sample as somatic,COSV55690068,R/C,268,ENST00000265620
591,PT03,chr22_41160692_C/A,EP300,ENSG00000100393,PASS,missense_variant,RNA,Shared,31,16,0.5333,198,0.0,6.71053,MODERATE,Confirmed somatic variant,COSV54325808,S/Y,1214,ENST00000263253
593,PT03,chr22_41177973_C/T,EP300,ENSG00000100393,PASS,missense_variant,RNA,Shared,82,58,0.716,386,0.0056,6.71053,MODERATE,Variant of unknown origin,COSV54329503,R/W,2088,ENST00000263253
594,PT03,chr3_142470144_C/T,ATR,ENSG00000175054,PASS,missense_variant,RNA,Shared,25,4,0.16,52,0.0,4.31953,MODERATE,,,M/I,2087,ENST00000350721
595,PT03,chr3_142505161_G/A,ATR,ENSG00000175054,PASS,missense_variant,RNA,RNA-unique,14,2,0.1429,231,0.0,4.31953,MODERATE,,,A/V,1725,ENST00000350721
596,PT03,chr3_142507961_T/G,ATR,ENSG00000175054,PASS,missense_variant,RNA,Shared,17,3,0.1765,129,0.0,4.31953,MODERATE,,,Q/H,1667,ENST00000350721
598,PT03,chr3_179199088_G/A,PIK3CA,ENSG00000121879,PASS,missense_variant,RNA,Shared,22,12,0.5455,215,0.0,3.42641,MODERATE,Reported in another cancer sample as somatic,COSV55874568,R/Q,88,ENST00000263967
599,PT03,chr3_47019787_C/A,SETD2,ENSG00000181555,PASS,missense_variant,RNA,Shared,111,13,0.1171,301,0.0,7.72716,MODERATE,,,K/N,2468,ENST00000409792
600,PT03,chr3_47124463_C/T,SETD2,ENSG00000181555,PASS,missense_variant,RNA,Shared,24,12,0.5,275,0.0,7.72716,MODERATE,Confirmed somatic variant,COSV57456161,G/D,58,ENST00000409792
601,PT03,chr4_152411655_T/C,FBXW7,ENSG00000109670,PASS,missense_variant,RNA,RNA-unique,15,2,0.1333,352,0.0029,5.38092,MODERATE,,,E/G,50,ENST00000281708
602,PT03,chr4_186588875_G/T,FAT1,ENSG00000083857,PASS,missense_variant,RNA,Shared,492,171,0.3519,363,0.0,50.4829,MODERATE,,,P/H,4495,ENST00000441802
603,PT03,chr4_186588999_C/T,FAT1,ENSG00000083857,PASS,missense_variant,RNA,Shared,477,227,0.4759,348,0.0059,50.4829,MODERATE,Reported in another cancer sample as somatic,COSV71672298,E/K,4454,ENST00000441802
604,PT03,chr4_186589065_C/T,FAT1,ENSG00000083857,PASS,missense_variant,RNA,Shared,439,152,0.347,326,0.0,50.4829,MODERATE,Confirmed somatic variant,COSV71676245,E/K,4432,ENST00000441802
605,PT03,chr4_186611713_C/T,FAT1,ENSG00000083857,PASS,missense_variant,RNA,Shared,56,20,0.3571,239,0.0,50.4829,MODERATE,Reported in another cancer sample as somatic,COSV71676034,E/K,3176,ENST00000441802
606,PT03,chr4_186613202_C/T,FAT1,ENSG00000083857,PASS,missense_variant,RNA,Shared,73,34,0.4658,160,0.0,50.4829,MODERATE,Reported in another cancer sample as somatic,COSV71673382,E/K,3124,ENST00000441802
607,PT03,chr4_186621764_T/G,FAT1,ENSG00000083857,PASS,missense_variant,RNA,Shared,13,3,0.2308,137,0.0,50.4829,MODERATE,,,N/H,1608,ENST00000441802
609,PT03,chr5_112841680_C/A,APC,ENSG00000134982,PASS,missense_variant,RNA,Shared,25,15,0.6,335,0.0,4.58774,MODERATE,Reported in another cancer sample as somatic,COSV99964923,S/Y,2029,ENST00000257430
611,PT03,chr5_112842514_C/T,APC,ENSG00000134982,PASS,missense_variant,RNA,Shared,58,21,0.375,394,0.0,4.58774,MODERATE,Reported in another cancer sample as somatic,COSV57330138,S/L,2307,ENST00000257430
612,PT03,chr5_112842744_T/G,APC,ENSG00000134982,PASS,missense_variant,RNA,Shared,53,19,0.3585,375,0.0027,4.58774,MODERATE,,,L/V,2384,ENST00000257430
613,PT03,chr5_112843291_G/T,APC,ENSG00000134982,PASS,missense_variant,RNA,Shared,41,11,0.2683,327,0.0,4.58774,MODERATE,Confirmed somatic variant,COSV57353937,R/I,2566,ENST00000257430
614,PT03,chr5_177135972_G/A,NSD1,ENSG00000165671,PASS,missense_variant,RNA,Shared,25,8,0.32,250,0.0,7.75444,MODERATE,Confirmed somatic variant,COSV61770659,G/E,290,ENST00000439151
615,PT03,chr5_56882804_C/T,MAP3K1,ENSG00000095015,PASS,missense_variant,RNA,Shared,18,4,0.2222,243,0.0,4.58179,MODERATE,,,L/F,1202,ENST00000399503
616,PT03,chr5_68226977_C/A,PIK3R1,ENSG00000145675,PASS,missense_variant,RNA,Shared,20,4,0.2,251,0.0,4.36207,MODERATE,,,S/Y,101,ENST00000517643
618,PT03,chr6_157167049_T/G,ARID1B,ENSG00000049618,PASS,missense_variant,RNA,Shared,59,23,0.3898,235,0.0,9.0154,MODERATE,,,S/R,371,ENST00000319584
619,PT03,chr7_116700121_T/G,MET,ENSG00000105976,PASS,missense_variant,RNA,Shared,31,15,0.5357,292,0.0,19.2129,MODERATE,,,F/C,346,ENST00000318493
620,PT03,chr7_116778944_G/A,MET,ENSG00000105976,PASS,missense_variant,RNA,Shared,81,47,0.5802,229,0.0,19.2129,MODERATE,Confirmed somatic variant,COSV59265581,R/Q,1188,ENST00000318493
621,PT03,chr7_140800428_G/A,BRAF,ENSG00000157764,PASS,missense_variant,RNA,Shared,27,10,0.3704,147,0.0,6.74261,MODERATE,Reported in another cancer sample as somatic,COSV56159745,A/V,305,ENST00000288602
622,PT03,chr7_152148282_G/A,KMT2C,ENSG00000055609,PASS,missense_variant,RNA,Shared,39,15,0.3846,309,0.0,4.46188,MODERATE,Reported in another cancer sample as somatic,COSV51294405,R/C,4549,ENST00000262189
623,PT03,chr7_152158990_T/G,KMT2C,ENSG00000055609,PASS,missense_variant,RNA,Shared,18,7,0.3889,318,0.0,4.46188,MODERATE,,,K/T,3848,ENST00000262189
624,PT03,chr7_98892478_C/A,TRRAP,ENSG00000196367,PASS,missense_variant,RNA,Shared,11,4,0.3636,180,0.0,4.982,MODERATE,,,L/I,106,ENST00000355540
625,PT03,chr7_98917503_C/T,TRRAP,ENSG00000196367,PASS,missense_variant,RNA,Shared,13,7,0.5385,302,0.007,4.982,MODERATE,Reported in another cancer sample as somatic,COSV62842499,R/W,816,ENST00000355540
626,PT03,chr7_98965794_A/G,TRRAP,ENSG00000196367,PASS,missense_variant,RNA,Shared,28,6,0.2143,343,0.0031,4.982,MODERATE,,,T/A,2334,ENST00000355540
627,PT03,chr7_98967609_C/T,TRRAP,ENSG00000196367,PASS,missense_variant,RNA,Shared,17,8,0.4706,259,0.0,4.982,MODERATE,,,R/C,2450,ENST00000355540
628,PT03,chr9_136500649_C/T,NOTCH1,ENSG00000148400,PASS,missense_variant,RNA,Shared,27,11,0.4074,100,0.0,6.09182,MODERATE,Reported in another cancer sample as somatic,COSV53035995,R/H,1946,ENST00000651671
629,PT03,chrX_124064017_A/C,STAG2,ENSG00000101972,PASS,missense_variant,RNA,Shared,69,61,0.8841,107,0.0,20.7677,MODERATE,,,K/T,664,ENST00000218089
630,PT03,chrX_45089756_T/G,KDM6A,ENSG00000147050,PASS,missense_variant,RNA,Shared,23,21,0.913,99,0.0,5.36477,MODERATE,,,F/V,1188,ENST00000377967
828,PT05,chr1_26774878_C/T,ARID1A,ENSG00000117713,PASS,missense_variant,DNA,Shared,58,16,0.276,99,0.0,10.2897,MODERATE,,,R/C,1551,ENST00000324856
830,PT05,chr11_118506127_T/C,KMT2A,ENSG00000118058,PASS,missense_variant,DNA,Shared,74,18,0.243,135,0.0,8.16259,MODERATE,,,L/P,3409,ENST00000389506
832,PT05,chr12_124336980_C/T,NCOR2,ENSG00000196498,PASS,missense_variant,DNA,DNA-unique,14,4,0.286,29,0.034,25.835,MODERATE,,,R/H,1953,ENST00000404621
836,PT05,chr16_3736717_C/T,CREBBP,ENSG00000005339,PASS,missense_variant,DNA,Shared,133,33,0.248,219,0.009,7.09409,MODERATE,Confirmed somatic variant,COSV52132256,R/Q,1498,ENST00000262367
838,PT05,chr16_72794775_TCTC/T,ZFHX3,ENSG00000140836,PASS,Inframe_variant,DNA,DNA-unique,79,14,0.177,184,0.038,0.471857,MODERATE,,,GE/E,2635,ENST00000268489
839,PT05,chr17_31258357_G/A,NF1,ENSG00000196712,PASS,missense_variant,DNA,DNA-unique,104,5,0.048,179,0.011,7.05095,MODERATE,,,R/H,1375,ENST00000356175
841,PT05,chr17_7674221_G/A,TP53,ENSG00000141510,PASS,missense_variant,DNA,Shared,76,19,0.25,145,0.0,37.7489,MODERATE,Reported in another cancer sample as somatic,COSV52662035,R/W,248,ENST00000269305
843,PT05,chr19_11021825_G/A,SMARCA4,ENSG00000127616,PASS,missense_variant,DNA,Shared,64,12,0.188,116,0.017,39.0295,MODERATE,Confirmed somatic variant,COSV60791786,R/H,906,ENST00000344626
845,PT05,chr22_41149152_A/T,EP300,ENSG00000100393,PASS,missense_variant,DNA,Shared,76,22,0.289,122,0.008,9.45502,MODERATE,,,S/C,786,ENST00000263253
846,PT05,chr3_179199148_G/A,PIK3CA,ENSG00000121879,PASS,missense_variant,DNA,DNA-unique,95,16,0.168,193,0.0,1.14373,MODERATE,Reported in another cancer sample as somatic,COSV55873442,R/H,108,ENST00000263967
847,PT05,chr3_179234218_T/C,PIK3CA,ENSG00000121879,PASS,missense_variant,DNA,Shared,78,18,0.231,143,0.021,1.14373,MODERATE,Reported in another cancer sample as somatic,COSV55901519,Y/H,1021,ENST00000263967
848,PT05,chr3_41224646_C/T,CTNNB1,ENSG00000168036,PASS,missense_variant,DNA,Shared,46,23,0.5,85,0.0,42.6596,MODERATE,Reported in another cancer sample as somatic,COSV62687872,S/F,45,ENST00000349496
849,PT05,chr4_125481713_A/T,FAT4,ENSG00000196159,PASS,missense_variant,DNA,DNA-unique,115,6,0.052,215,0.014,0.100908,MODERATE,,,E/V,2505,ENST00000335110
850,PT05,chr4_186596641_G/A,FAT1,ENSG00000083857,PASS,missense_variant,DNA,Shared,79,17,0.215,153,0.013,77.6904,MODERATE,,,A/V,4300,ENST00000441802
853,PT05,chr5_56881757_C/T,MAP3K1,ENSG00000095015,PASS,missense_variant,DNA,Shared,29,8,0.276,52,0.058,2.45556,MODERATE,Reported in another cancer sample as somatic,COSV68121603,R/C,853,ENST00000399503
854,PT05,chr7_140801550_G/A,BRAF,ENSG00000157764,PASS,missense_variant,DNA,Shared,38,4,0.105,71,0.0,5.00811,MODERATE,Confirmed somatic variant,COSV56289992,T/M,241,ENST00000288602
857,PT05,chr7_152179889_G/A,KMT2C,ENSG00000055609,PASS,missense_variant,DNA,Shared,108,27,0.25,208,0.019,5.12881,MODERATE,Confirmed somatic variant,COSV100071198,R/C,2463,ENST00000262189
858,PT05,chr9_136504934_C/T,NOTCH1,ENSG00000148400,PASS,missense_variant,DNA,Shared,32,8,0.25,66,0.015,5.49808,MODERATE,Confirmed somatic variant,COSV53059101,R/H,1586,ENST00000651671
859,PT05,chrX_40075125_C/T,BCOR,ENSG00000183337,PASS,missense_variant,DNA,Shared,101,24,0.238,166,0.012,9.56597,MODERATE,,,R/H,74,ENST00000342274
860,PT05,chr1_148889827_G/T,PDE4DIP,ENSG00000178104,PASS,missense_variant,RNA,RNA-unique,12,2,0.1667,26,0.0,8.87347,MODERATE,Variant of unknown origin,COSV57673141,R/L,25,ENST00000369347
861,PT05,chr1_162775689_C/A,DDR2,ENSG00000162733,PASS,missense_variant,RNA,RNA-unique,11,2,0.1818,166,0.0,2.00393,MODERATE,Confirmed somatic variant,COSV63371372,L/I,632,ENST00000367921
864,PT05,chr1_26774878_C/T,ARID1A,ENSG00000117713,PASS,missense_variant,RNA,Shared,34,7,0.2121,159,0.0,10.2897,MODERATE,,,R/C,1551,ENST00000324856
865,PT05,chr1_26774878_C/T,ARID1A,ENSG00000117713,PASS,missense_variant,RNA,Shared,39,5,0.1282,159,0.0,6.44233,MODERATE,,,R/C,1551,ENST00000324856
872,PT05,chr11_118506127_T/C,KMT2A,ENSG00000118058,PASS,missense_variant,RNA,Shared,22,9,0.4286,217,0.0,8.16259,MODERATE,,,L/P,3409,ENST00000389506
877,PT05,chr12_124340172_C/T,NCOR2,ENSG00000196498,PASS,missense_variant,RNA,RNA-unique,85,15,0.1807,114,0.0,25.835,MODERATE,,,G/S,1831,ENST00000404621
878,PT05,chr12_124340172_C/T,NCOR2,ENSG00000196498,PASS,missense_variant,RNA,RNA-unique,64,15,0.2344,114,0.0,16.0315,MODERATE,,,G/S,1831,ENST00000404621
879,PT05,chr12_124340193_T/TGCCGCTGCT,NCOR2,ENSG00000196498,PASS,Inframe_variant,RNA,RNA-unique,78,12,0.1579,161,0.0323,25.835,MODERATE,,,-/SSG,1823,ENST00000404621
880,PT05,chr12_124340193_T/TGCCGCTGCT,NCOR2,ENSG00000196498,PASS,Inframe_variant,RNA,RNA-unique,55,14,0.2545,161,0.0323,16.0315,MODERATE,,,-/SSG,1823,ENST00000404621
881,PT05,chr12_124402512_GGCTGCT/G,NCOR2,ENSG00000196498,PASS,Inframe_variant,RNA,RNA-unique,28,4,0.1481,74,0.027,25.835,MODERATE,,,QQP/P,508,ENST00000404621
882,PT05,chr12_124449839_C/T,NCOR2,ENSG00000196498,PASS,missense_variant,RNA,RNA-unique,63,39,0.619,94,0.0,25.835,MODERATE,Confirmed somatic variant,COSV100657391,R/Q,264,ENST00000404621
883,PT05,chr12_124449839_C/T,NCOR2,ENSG00000196498,PASS,missense_variant,RNA,RNA-unique,22,8,0.3636,94,0.0,16.0315,MODERATE,Confirmed somatic variant,COSV100657391,R/Q,264,ENST00000404621
889,PT05,chr16_2070516_C/A,TSC2,ENSG00000103197,PASS,missense_variant,RNA,RNA-unique,30,15,0.5,100,0.0,15.0862,MODERATE,,,H/N,593,ENST00000219476
890,PT05,chr16_2070516_C/A,TSC2,ENSG00000103197,PASS,missense_variant,RNA,RNA-unique,30,9,0.3,100,0.0,16.2157,MODERATE,,,H/N,593,ENST00000219476
891,PT05,chr16_2084375_T/A,TSC2,ENSG00000103197,PASS,missense_variant,RNA,RNA-unique,26,3,0.1154,130,0.0081,15.0862,MODERATE,,,S/T,1385,ENST00000219476
892,PT05,chr16_3736717_C/T,CREBBP,ENSG00000005339,PASS,missense_variant,RNA,Shared,35,18,0.5143,328,0.0,7.09409,MODERATE,Confirmed somatic variant,COSV52132256,R/Q,1498,ENST00000262367
893,PT05,chr16_3736717_C/T,CREBBP,ENSG00000005339,PASS,missense_variant,RNA,Shared,32,14,0.4375,328,0.0,3.05772,MODERATE,Confirmed somatic variant,COSV52132256,R/Q,1498,ENST00000262367
898,PT05,chr17_7674221_G/A,TP53,ENSG00000141510,PASS,missense_variant,RNA,Shared,139,72,0.5414,198,0.0,37.7489,MODERATE,Reported in another cancer sample as somatic,COSV52662035,R/W,248,ENST00000269305
899,PT05,chr17_7674221_G/A,TP53,ENSG00000141510,PASS,missense_variant,RNA,Shared,345,177,0.5299,198,0.0,46.5649,MODERATE,Reported in another cancer sample as somatic,COSV52662035,R/W,248,ENST00000269305
900,PT05,chr19_11021825_G/A,SMARCA4,ENSG00000127616,PASS,missense_variant,RNA,Shared,97,42,0.433,211,0.0048,39.0295,MODERATE,Confirmed somatic variant,COSV60791786,R/H,906,ENST00000344626
901,PT05,chr19_11021825_G/A,SMARCA4,ENSG00000127616,PASS,missense_variant,RNA,Shared,163,63,0.3889,211,0.0048,40.8978,MODERATE,Confirmed somatic variant,COSV60791786,R/H,906,ENST00000344626
902,PT05,chr19_45364499_G/A,ERCC2,ENSG00000104884,PASS,missense_variant,RNA,RNA-unique,13,2,0.1538,174,0.0,6.72502,MODERATE,Variant of unknown origin,COSV105836863,P/S,191,ENST00000391941
903,PT05,chr19_45365145_C/T,ERCC2,ENSG00000104884,PASS,missense_variant,RNA,RNA-unique,15,5,0.3333,107,0.0,6.72502,MODERATE,,,R/H,101,ENST00000391941
904,PT05,chr19_45365145_C/T,ERCC2,ENSG00000104884,PASS,missense_variant,RNA,RNA-unique,42,9,0.2195,107,0.0,9.04693,MODERATE,,,R/H,101,ENST00000391941
906,PT05,chr2_25244586_A/C,DNMT3A,ENSG00000119772,PASS,missense_variant,RNA,RNA-unique,16,2,0.125,133,0.0,3.71294,MODERATE,,,C/G,541,ENST00000264709
907,PT05,chr22_41149152_A/T,EP300,ENSG00000100393,PASS,missense_variant,RNA,Shared,51,19,0.3725,197,0.0,9.45502,MODERATE,,,S/C,786,ENST00000263253
908,PT05,chr22_41149152_A/T,EP300,ENSG00000100393,PASS,missense_variant,RNA,Shared,22,12,0.5455,197,0.0,4.98037,MODERATE,,,S/C,786,ENST00000263253
910,PT05,chr3_142503366_T/C,ATR,ENSG00000175054,PASS,missense_variant,RNA,RNA-unique,15,2,0.1333,74,0.0,2.68891,MODERATE,,,N/D,1762,ENST00000350721
911,PT05,chr3_179234218_T/C,PIK3CA,ENSG00000121879,PASS,missense_variant,RNA,Shared,17,7,0.4118,255,0.0,1.14373,MODERATE,Reported in another cancer sample as somatic,COSV55901519,Y/H,1021,ENST00000263967
912,PT05,chr3_179234218_T/C,PIK3CA,ENSG00000121879,PASS,missense_variant,RNA,Shared,50,13,0.2653,255,0.0,1.89985,MODERATE,Reported in another cancer sample as somatic,COSV55901519,Y/H,1021,ENST00000263967
913,PT05,chr3_41224646_C/T,CTNNB1,ENSG00000168036,PASS,missense_variant,RNA,Shared,90,76,0.8539,157,0.0,42.6596,MODERATE,Reported in another cancer sample as somatic,COSV62687872,S/F,45,ENST00000349496
914,PT05,chr3_41224646_C/T,CTNNB1,ENSG00000168036,PASS,missense_variant,RNA,Shared,291,210,0.7216,157,0.0,75.0626,MODERATE,Reported in another cancer sample as somatic,COSV62687872,S/F,45,ENST00000349496
915,PT05,chr4_186596641_G/A,FAT1,ENSG00000083857,PASS,missense_variant,RNA,Shared,260,239,0.9409,234,0.0044,77.6904,MODERATE,,,A/V,4300,ENST00000441802
916,PT05,chr4_186596641_G/A,FAT1,ENSG00000083857,PASS,missense_variant,RNA,Shared,672,627,0.9344,234,0.0044,85.3205,MODERATE,,,A/V,4300,ENST00000441802
917,PT05,chr5_56881757_C/T,MAP3K1,ENSG00000095015,PASS,missense_variant,RNA,Shared,12,4,0.3333,108,0.0,3.144,MODERATE,Reported in another cancer sample as somatic,COSV68121603,R/C,853,ENST00000399503
919,PT05,chr7_140801550_G/A,BRAF,ENSG00000157764,PASS,missense_variant,RNA,Shared,26,11,0.44,140,0.0,5.00811,MODERATE,Confirmed somatic variant,COSV56289992,T/M,241,ENST00000288602
920,PT05,chr7_140801550_G/A,BRAF,ENSG00000157764,PASS,missense_variant,RNA,Shared,16,4,0.25,140,0.0,3.19622,MODERATE,Confirmed somatic variant,COSV56289992,T/M,241,ENST00000288602
921,PT05,chr7_152155938_G/A,KMT2C,ENSG00000055609,PASS,missense_variant,RNA,RNA-unique,17,2,0.1176,296,0.0,2.10366,MODERATE,,,P/S,3978,ENST00000262189
923,PT05,chr7_152179889_G/A,KMT2C,ENSG00000055609,PASS,missense_variant,RNA,Shared,26,8,0.3333,375,0.0,5.12881,MODERATE,Confirmed somatic variant,COSV100071198,R/C,2463,ENST00000262189
926,PT05,chr9_132897203_C/T,TSC1,ENSG00000165699,PASS,missense_variant,RNA,RNA-unique,18,2,0.1111,343,0.0,2.8225,MODERATE,,,A/T,986,ENST00000298552
927,PT05,chr9_132905626_C/T,TSC1,ENSG00000165699,PASS,missense_variant,RNA,RNA-unique,11,2,0.1818,270,0.0,2.8225,MODERATE,Reported in another cancer sample as somatic,COSV99036945,R/K,651,ENST00000298552
929,PT05,chr9_136504742_G/C,NOTCH1,ENSG00000148400,PASS,missense_variant,RNA,RNA-unique,16,2,0.125,60,0.0,5.49808,MODERATE,,,A/G,1650,ENST00000651671
930,PT05,chr9_136504934_C/T,NOTCH1,ENSG00000148400,PASS,missense_variant,RNA,Shared,31,11,0.3667,133,0.0,5.49808,MODERATE,Confirmed somatic variant,COSV53059101,R/H,1586,ENST00000651671
931,PT05,chr9_136504934_C/T,NOTCH1,ENSG00000148400,PASS,missense_variant,RNA,Shared,27,8,0.2963,133,0.0,5.3305,MODERATE,Confirmed somatic variant,COSV53059101,R/H,1586,ENST00000651671
932,PT05,chrX_124037528_C/T,STAG2,ENSG00000101972,PASS,missense_variant,RNA,RNA-unique,21,2,0.1111,194,0.0,10.6691,MODERATE,,,S/L,97,ENST00000218089
933,PT05,chrX_124062911_G/A,STAG2,ENSG00000101972,PASS,missense_variant,RNA,RNA-unique,11,2,0.1818,168,0.0,10.6691,MODERATE,,,A/T,550,ENST00000218089
934,PT05,chrX_40075125_C/T,BCOR,ENSG00000183337,PASS,missense_variant,RNA,Shared,24,5,0.2174,274,0.0,9.56597,MODERATE,,,R/H,74,ENST00000342274
935,PT05,chrX_45076732_T/A,KDM6A,ENSG00000147050,PASS,missense_variant,RNA,RNA-unique,11,2,0.1818,135,0.0,4.52112,MODERATE,,,I/N,913,ENST00000377967
936,PT05,chrX_45083486_C/T,KDM6A,ENSG00000147050,PASS,missense_variant,RNA,RNA-unique,19,2,0.1053,296,0.0,4.52112,MODERATE,,,T/I,1104,ENST00000377967
938,PT05,chrX_64191672_A/C,AMER1,ENSG00000184675,PASS,missense_variant,RNA,RNA-unique,17,3,0.1765,417,0.0025,1.82564,MODERATE,,,F/V,539,ENST00000374869
939,PT05,chrX_64191680_A/C,AMER1,ENSG00000184675,PASS,missense_variant,RNA,RNA-unique,18,3,0.1667,416,0.0,1.82564,MODERATE,,,F/C,536,ENST00000374869
1127,PT10,chr1_119915956_G/A,NOTCH2,ENSG00000134250,PASS,missense_variant,DNA,Shared,289,40,0.138,171,0.0,7.05182,MODERATE,,,R/C,2256,ENST00000256646
1129,PT10,chr1_149010572_A/G,PDE4DIP,ENSG00000178104,PASS,missense_variant,DNA,DNA-unique,388,35,0.09,234,0.0,12.7566,MODERATE,,,K/R,1686,ENST00000369354
1130,PT10,chr1_149016416_A/ATGAGCT,PDE4DIP,ENSG00000178104,PASS,protein_altering_variant,DNA,DNA-unique,115,29,0.252,53,0.019,12.7566,MODERATE,,,E/DEL,1795,ENST00000369354
1131,PT10,chr1_162776254_A/T,DDR2,ENSG00000162733,PASS,missense_variant,DNA,DNA-unique,193,22,0.114,72,0.056,5.8948,MODERATE,,,T/S,723,ENST00000367921
1132,PT10,chr1_26772524_C/A,ARID1A,ENSG00000117713,PASS,missense_variant,DNA,DNA-unique,242,8,0.033,153,0.02,16.2293,MODERATE,,,P/H,1144,ENST00000324856
1133,PT10,chr1_7467864_TCCCCACCTTCCACCG/T,CAMTA1,ENSG00000171735,PASS,Inframe_variant,DNA,DNA-unique,349,21,0.06,144,0.007,71.8796,MODERATE,,,IPTFHR/M,158,ENST00000303635
1135,PT10,chr11_108353820_G/GTGAGCT,ATM,ENSG00000149311,PASS,protein_altering_variant,DNA,DNA-unique,288,13,0.045,138,0.007,5.0193,MODERATE,,,R/SEL,2909,ENST00000278616
1136,PT10,chr12_114676456_A/G,TBX3,ENSG00000135111,PASS,missense_variant,DNA,DNA-unique,211,17,0.081,95,0.0,7.6622,MODERATE,,,L/P,319,ENST00000257566
1137,PT10,chr12_124340650_C/T,NCOR2,ENSG00000196498,PASS,missense_variant,DNA,Shared,196,21,0.107,53,0.019,32.8858,MODERATE,,,A/T,1754,ENST00000404621
1139,PT10,chr12_124430706_G/A,NCOR2,ENSG00000196498,PASS,missense_variant,DNA,Shared,129,23,0.178,79,0.025,32.8858,MODERATE,Confirmed somatic variant,COSV62293122,R/W,322,ENST00000404621
1140,PT10,chr12_49031666_G/C,KMT2D,ENSG00000167548,PASS,missense_variant,DNA,DNA-unique,215,9,0.042,122,0.008,8.12941,MODERATE,,,Q/E,4347,ENST00000301067
1141,PT10,chr12_49033382_C/A,KMT2D,ENSG00000167548,PASS,missense_variant,DNA,DNA-unique,191,8,0.042,112,0.0,8.12941,MODERATE,,,G/C,3775,ENST00000301067
1142,PT10,chr12_49050921_C/A,KMT2D,ENSG00000167548,PASS,missense_variant,DNA,Shared,142,29,0.204,81,0.037,8.12941,MODERATE,,,G/V,921,ENST00000301067
1143,PT10,chr12_56087601_A/G,ERBB3,ENSG00000065361,PASS,missense_variant,DNA,DNA-unique,194,40,0.206,110,0.018,50.6006,MODERATE,,,K/R,191,ENST00000267101
1144,PT10,chr12_56093410_A/G,ERBB3,ENSG00000065361,PASS,missense_variant,DNA,DNA-unique,215,9,0.042,139,0.022,50.6006,MODERATE,,,K/R,447,ENST00000267101
1145,PT10,chr12_56098843_A/G,ERBB3,ENSG00000065361,PASS,missense_variant,DNA,DNA-unique,192,15,0.078,124,0.024,50.6006,MODERATE,,,K/R,926,ENST00000267101
1148,PT10,chr13_48459709_G/A,RB1,ENSG00000139687,PASS,missense_variant,DNA,Shared,205,28,0.137,81,0.0,13.8325,MODERATE,Reported in another cancer sample as somatic,COSV57303827,R/Q,661,ENST00000267163
1149,PT10,chr14_81068294_C/CTGAGCT,TSHR,ENSG00000165409,PASS,protein_altering_variant,DNA,DNA-unique,145,4,0.028,55,0.0,0.638624,MODERATE,,,H/LSY,95,ENST00000298171
1151,PT10,chr14_95130147_C/A,DICER1,ENSG00000100697,PASS,missense_variant,DNA,DNA-unique,268,20,0.075,113,0.009,5.11961,MODERATE,,,G/C,162,ENST00000343455
1152,PT10,chr15_88135961_A/G,NTRK3,ENSG00000140538,PASS,missense_variant,DNA,DNA-unique,307,8,0.026,134,0.0,0.34786,MODERATE,,,L/P,282,ENST00000317501
1153,PT10,chr16_3738616_C/T,CREBBP,ENSG00000005339,PASS,missense_variant,DNA,Shared,281,27,0.096,137,0.0,8.27374,MODERATE,Reported in another cancer sample as somatic,COSV52112787,R/H,1446,ENST00000262367
1154,PT10,chr16_3782686_A/G,CREBBP,ENSG00000005339,PASS,missense_variant,DNA,DNA-unique,144,30,0.208,111,0.0,8.27374,MODERATE,,,L/P,524,ENST00000262367
1155,PT10,chr16_72794125_C/T,ZFHX3,ENSG00000140836,PASS,missense_variant,DNA,DNA-unique,523,59,0.113,267,0.004,2.17424,MODERATE,Reported in another cancer sample as somatic,COSV51718285,A/T,2853,ENST00000268489
1156,PT10,chr16_72959884_A/G,ZFHX3,ENSG00000140836,PASS,missense_variant,DNA,DNA-unique,155,15,0.097,88,0.0,2.17424,MODERATE,,,F/L,88,ENST00000268489
1157,PT10,chr16_9822384_C/T,GRIN2A,ENSG00000183454,PASS,missense_variant,DNA,DNA-unique,236,8,0.034,122,0.016,0.073568,MODERATE,,,G/E,683,ENST00000330684
1158,PT10,chr17_16057521_T/C,NCOR1,ENSG00000141027,PASS,missense_variant,DNA,DNA-unique,178,9,0.051,98,0.0,35.6944,MODERATE,,,R/G,2129,ENST00000268712
1159,PT10,chr17_16057970_C/A,NCOR1,ENSG00000141027,PASS,missense_variant,DNA,DNA-unique,277,12,0.043,126,0.0,35.6944,MODERATE,Confirmed somatic variant,COSV51999695,Q/H,2035,ENST00000268712
1160,PT10,chr17_16165149_C/T,NCOR1,ENSG00000141027,PASS,missense_variant,DNA,DNA-unique,309,13,0.042,143,0.014,35.6944,MODERATE,Reported in another cancer sample as somatic,COSV51959167,G/R,150,ENST00000268712
1163,PT10,chr17_31225153_C/A,NF1,ENSG00000196712,PASS,missense_variant,DNA,DNA-unique,204,12,0.059,98,0.02,7.11783,MODERATE,,,P/H,635,ENST00000356175
1167,PT10,chr17_58357548_C/A,RNF43,ENSG00000108375,PASS,missense_variant,DNA,DNA-unique,116,9,0.078,72,0.028,14.4963,MODERATE,,,G/V,743,ENST00000407977
1169,PT10,chr17_58362557_C/T,RNF43,ENSG00000108375,PASS,missense_variant,DNA,Shared,42,5,0.119,14,0.0,14.4963,MODERATE,Confirmed somatic variant,COSV68458352,R/H,225,ENST00000407977
1171,PT10,chr17_7674221_G/A,TP53,ENSG00000141510,PASS,missense_variant,DNA,Shared,195,7,0.036,99,0.01,16.0095,MODERATE,Reported in another cancer sample as somatic,COSV52662035,R/W,248,ENST00000269305
1174,PT10,chr18_25226931_C/A,ZNF521,ENSG00000198795,PASS,missense_variant,DNA,DNA-unique,125,6,0.048,72,0.0,2.44094,MODERATE,,,M/I,329,ENST00000361524
1175,PT10,chr2_140510018_C/A,LRP1B,ENSG00000168702,PASS,missense_variant,DNA,DNA-unique,301,18,0.06,144,0.028,0.006786,MODERATE,Confirmed somatic variant,COSV67191149,G/C,2770,ENST00000389484
1177,PT10,chr2_211420543_C/A,ERBB4,ENSG00000178568,PASS,missense_variant,DNA,DNA-unique,158,11,0.07,77,0.013,0.012088,MODERATE,Confirmed somatic variant,COSV61465900,E/D,1001,ENST00000260943
1179,PT10,chr2_211712131_A/T,ERBB4,ENSG00000178568,PASS,missense_variant,DNA,DNA-unique,220,21,0.095,114,0.009,0.012088,MODERATE,,,V/E,348,ENST00000260943
1182,PT10,chr20_42081914_G/A,PTPRT,ENSG00000196090,PASS,missense_variant,DNA,DNA-unique,211,21,0.1,111,0.0,0.067334,MODERATE,Confirmed somatic variant,COSV61986705,R/C,1423,ENST00000356100
1183,PT10,chr20_42771435_C/A,PTPRT,ENSG00000196090,PASS,missense_variant,DNA,DNA-unique,115,9,0.078,50,0.0,0.067334,MODERATE,,,Q/H,228,ENST00000356100
1184,PT10,chr20_58840704_G/T,GNAS,ENSG00000087460,PASS,missense_variant,DNA,DNA-unique,430,55,0.128,172,0.0,361.23,MODERATE,,,D/Y,200,ENST00000313949
1185,PT10,chr3_47042655_A/G,SETD2,ENSG00000181555,PASS,missense_variant,DNA,DNA-unique,344,29,0.084,187,0.005,8.77024,MODERATE,,,S/P,2382,ENST00000409792
1187,PT10,chr4_1807257_A/G,FGFR3,ENSG00000068078,PASS,missense_variant,DNA,Shared,86,7,0.081,48,0.021,2.80628,MODERATE,,,T/A,808,ENST00000340107
1188,PT10,chr4_186598065_G/A,FAT1,ENSG00000083857,PASS,missense_variant,DNA,Shared,129,15,0.116,66,0.0,56.6193,MODERATE,Reported in another cancer sample as somatic,COSV71674807,P/L,4055,ENST00000441802
1189,PT10,chr4_186598072_C/T,FAT1,ENSG00000083857,PASS,missense_variant,DNA,Shared,129,14,0.109,67,0.015,56.6193,MODERATE,Confirmed somatic variant,COSV71675247,V/I,4053,ENST00000441802
1190,PT10,chr4_186708896_C/A,FAT1,ENSG00000083857,PASS,missense_variant,DNA,DNA-unique,217,17,0.078,103,0.019,56.6193,MODERATE,,,G/V,311,ENST00000441802
1191,PT10,chr4_86807800_AAAC/A,PTPN13,ENSG00000163629,PASS,Inframe_variant,DNA,Shared,415,46,0.111,219,0.009,2.97575,MODERATE,,,KT/K,2138,ENST00000316707
1192,PT10,chr5_112775715_A/C,APC,ENSG00000134982,PASS,missense_variant,DNA,DNA-unique,101,14,0.139,42,0.024,3.65746,MODERATE,,,D/A,170,ENST00000257430
1193,PT10,chr5_112842244_T/C,APC,ENSG00000134982,PASS,missense_variant,DNA,DNA-unique,174,32,0.184,131,0.023,3.65746,MODERATE,,,L/P,2217,ENST00000257430
1194,PT10,chr5_68273471_T/C,PIK3R1,ENSG00000145675,PASS,missense_variant,DNA,DNA-unique,139,7,0.05,62,0.032,7.13631,MODERATE,,,I/T,139,ENST00000517643
1196,PT10,chr7_152177736_G/T,KMT2C,ENSG00000055609,PASS,missense_variant,DNA,DNA-unique,288,26,0.09,171,0.023,6.16701,MODERATE,,,P/T,2573,ENST00000262189
1198,PT10,chr7_99011414_G/A,TRRAP,ENSG00000196367,PASS,missense_variant,DNA,Shared,366,39,0.107,163,0.006,6.39565,MODERATE,Confirmed somatic variant,COSV105263337,R/H,3696,ENST00000355540
1199,PT10,chr7_99011534_A/G,TRRAP,ENSG00000196367,PASS,missense_variant,DNA,DNA-unique,138,9,0.065,109,0.0,6.39565,MODERATE,Confirmed somatic variant,COSV62815734,K/R,3736,ENST00000355540
1200,PT10,chr9_136502426_A/G,NOTCH1,ENSG00000148400,PASS,missense_variant,DNA,DNA-unique,96,15,0.156,32,0.0,7.18476,MODERATE,,,F/L,1744,ENST00000651671
1201,PT10,chrX_124031028_C/A,STAG2,ENSG00000101972,PASS,missense_variant,DNA,DNA-unique,179,14,0.078,78,0.0,18.4058,MODERATE,,,P/H,64,ENST00000218089
1203,PT10,chrX_40077919_G/A,BCOR,ENSG00000183337,PASS,missense_variant,DNA,DNA-unique,84,8,0.095,51,0.039,7.87915,MODERATE,,,A/V,4,ENST00000342274
1204,PT10,chrX_64190339_GGCC/G,AMER1,ENSG00000184675,PASS,Inframe_variant,DNA,DNA-unique,126,11,0.087,60,0.017,0.962434,MODERATE,,,RP/T,982,ENST00000374869
1205,PT10,chr1_119915956_G/A,NOTCH2,ENSG00000134250,PASS,missense_variant,RNA,Shared,42,8,0.1951,232,0.0,7.05182,MODERATE,,,R/C,2256,ENST00000256646
1206,PT10,chr1_148889827_G/T,PDE4DIP,ENSG00000178104,PASS,missense_variant,RNA,RNA-unique,15,2,0.1333,28,0.0,12.7566,MODERATE,Variant of unknown origin,COSV57673141,R/L,25,ENST00000369347
1208,PT10,chr12_124340193_T/TGCCGCTGCT,NCOR2,ENSG00000196498,PASS,Inframe_variant,RNA,RNA-unique,99,19,0.1939,89,0.0112,32.8858,MODERATE,,,-/SSG,1823,ENST00000404621
1209,PT10,chr12_124340650_C/T,NCOR2,ENSG00000196498,PASS,missense_variant,RNA,Shared,142,33,0.234,113,0.0,32.8858,MODERATE,,,A/T,1754,ENST00000404621
1210,PT10,chr12_124402549_G/GCTGCTG,NCOR2,ENSG00000196498,PASS,Inframe_variant,RNA,RNA-unique,48,7,0.1591,84,0.0,32.8858,MODERATE,,,-/QQ,497,ENST00000404621
1211,PT10,chr12_124430706_G/A,NCOR2,ENSG00000196498,PASS,missense_variant,RNA,Shared,39,13,0.3514,124,0.0,32.8858,MODERATE,Confirmed somatic variant,COSV62293122,R/W,322,ENST00000404621
1212,PT10,chr12_49032946_AGCT/A,KMT2D,ENSG00000167548,PASS,Inframe_variant,RNA,RNA-unique,12,3,0.25,212,0.0095,8.12941,MODERATE,,,QL/L,3919,ENST00000301067
1213,PT10,chr12_49050921_C/A,KMT2D,ENSG00000167548,PASS,missense_variant,RNA,Shared,10,2,0.2,210,0.0,8.12941,MODERATE,,,G/V,921,ENST00000301067
1214,PT10,chr13_48459709_G/A,RB1,ENSG00000139687,PASS,missense_variant,RNA,Shared,97,24,0.2474,102,0.0,13.8325,MODERATE,Reported in another cancer sample as somatic,COSV57303827,R/Q,661,ENST00000267163
1216,PT10,chr16_3738616_C/T,CREBBP,ENSG00000005339,PASS,missense_variant,RNA,Shared,55,21,0.3818,201,0.0,8.27374,MODERATE,Reported in another cancer sample as somatic,COSV52112787,R/H,1446,ENST00000262367
1219,PT10,chr17_31214476_C/T,NF1,ENSG00000196712,PASS,missense_variant,RNA,RNA-unique,17,2,0.1176,93,0.0,7.11783,MODERATE,,,T/I,473,ENST00000356175
1221,PT10,chr17_58362557_C/T,RNF43,ENSG00000108375,PASS,missense_variant,RNA,Shared,52,16,0.3077,34,0.0,14.4963,MODERATE,Confirmed somatic variant,COSV68458352,R/H,225,ENST00000407977
1223,PT10,chr17_7674221_G/A,TP53,ENSG00000141510,PASS,missense_variant,RNA,Shared,67,18,0.2857,154,0.0,16.0095,MODERATE,Reported in another cancer sample as somatic,COSV52662035,R/W,248,ENST00000269305
1225,PT10,chr18_51078298_G/A,SMAD4,ENSG00000141646,PASS,missense_variant,RNA,RNA-unique,93,29,0.3118,179,0.0,11.4884,MODERATE,Reported in another cancer sample as somatic,COSV61687877,R/H,497,ENST00000342988
1227,PT10,chr4_1807257_A/G,FGFR3,ENSG00000068078,PASS,missense_variant,RNA,Shared,14,6,0.4286,71,0.0,2.80628,MODERATE,,,T/A,808,ENST00000340107
1228,PT10,chr4_186598065_G/A,FAT1,ENSG00000083857,PASS,missense_variant,RNA,Shared,166,88,0.5366,102,0.0,56.6193,MODERATE,Reported in another cancer sample as somatic,COSV71674807,P/L,4055,ENST00000441802
1229,PT10,chr4_186598072_C/T,FAT1,ENSG00000083857,PASS,missense_variant,RNA,Shared,168,82,0.4881,99,0.0,56.6193,MODERATE,Confirmed somatic variant,COSV71675247,V/I,4053,ENST00000441802
1230,PT10,chr4_186620479_C/T,FAT1,ENSG00000083857,PASS,missense_variant,RNA,RNA-unique,30,13,0.4333,200,0.0051,56.6193,MODERATE,Confirmed somatic variant,COSV101499561,G/D,2036,ENST00000441802
1231,PT10,chr4_86807800_AAAC/A,PTPN13,ENSG00000163629,PASS,Inframe_variant,RNA,Shared,53,17,0.3208,302,0.0,2.97575,MODERATE,,,KT/K,2138,ENST00000316707
1232,PT10,chr5_177210572_A/C,NSD1,ENSG00000165671,PASS,missense_variant,RNA,RNA-unique,21,2,0.1,203,0.0,9.0494,MODERATE,Confirmed somatic variant,COSV61779397,T/P,434,ENST00000347982
1234,PT10,chr5_68294591_T/A,PIK3R1,ENSG00000145675,PASS,missense_variant,RNA,RNA-unique,27,3,0.1111,103,0.0,7.13631,MODERATE,,,F/Y,194,ENST00000320694
1235,PT10,chr7_99011414_G/A,TRRAP,ENSG00000196367,PASS,missense_variant,RNA,Shared,144,53,0.3681,248,0.004,6.39565,MODERATE,Confirmed somatic variant,COSV105263337,R/H,3696,ENST00000355540
1862,PT25,chr12_25245347_C/T,KRAS,ENSG00000133703,PASS,missense_variant,DNA,DNA-unique,187,54,0.289,90,0.0,10.7212,MODERATE,Reported in another cancer sample as somatic,COSV55497388,G/D,13,ENST00000256078
1863,PT25,chr12_56087601_A/G,ERBB3,ENSG00000065361,PASS,missense_variant,DNA,DNA-unique,233,48,0.206,124,0.008,69.8669,MODERATE,,,K/R,191,ENST00000267101
1864,PT25,chr15_88135152_C/T,NTRK3,ENSG00000140538,PASS,missense_variant,DNA,DNA-unique,247,6,0.024,217,0.005,0.484188,MODERATE,Confirmed somatic variant,COSV58143753,G/S,385,ENST00000317501
1865,PT25,chr17_16072185_G/C,NCOR1,ENSG00000141027,PASS,missense_variant,DNA,DNA-unique,176,15,0.085,153,0.013,21.3295,MODERATE,,,D/E,1285,ENST00000268712
1866,PT25,chr17_31336693_T/C,NF1,ENSG00000196712,PASS,missense_variant,DNA,DNA-unique,231,16,0.069,131,0.015,6.10509,MODERATE,,,L/S,2048,ENST00000356175
1867,PT25,chr17_43093844_G/C,BRCA1,ENSG00000012048,PASS,missense_variant,DNA,DNA-unique,150,7,0.047,121,0.0,3.66892,MODERATE,,,Q/E,563,ENST00000357654
1868,PT25,chr17_43104951_A/G,BRCA1,ENSG00000012048,PASS,missense_variant,DNA,DNA-unique,140,9,0.064,101,0.02,3.66892,MODERATE,,,L/P,73,ENST00000352993
1870,PT25,chr17_80346725_G/A,RNF213,ENSG00000173821,PASS,missense_variant,DNA,DNA-unique,177,49,0.277,128,0.008,29.636,MODERATE,Confirmed somatic variant,COSV100300141,R/H,2846,ENST00000508628
1872,PT25,chr19_1221284_A/G,STK11,ENSG00000118046,PASS,missense_variant,DNA,DNA-unique,252,14,0.056,215,0.0,24.4522,MODERATE,,,K/R,269,ENST00000326873
1873,PT25,chr2_100007453_T/C,AFF3,ENSG00000144218,PASS,missense_variant,DNA,DNA-unique,232,17,0.073,154,0.0,0.170326,MODERATE,,,K/R,61,ENST00000317233
1874,PT25,chr22_41178034_A/G,EP300,ENSG00000100393,PASS,missense_variant,DNA,DNA-unique,213,12,0.056,182,0.011,8.31865,MODERATE,,,Q/R,2108,ENST00000263253
1876,PT25,chr3_142549583_C/G,ATR,ENSG00000175054,PASS,missense_variant,DNA,DNA-unique,74,17,0.23,26,0.0,4.92869,MODERATE,,,V/L,1023,ENST00000350721
1877,PT25,chr3_142549584_A/C,ATR,ENSG00000175054,PASS,missense_variant,DNA,DNA-unique,77,16,0.208,30,0.033,4.92869,MODERATE,,,N/K,1022,ENST00000350721
1879,PT25,chr4_125449519_A/G,FAT4,ENSG00000196159,PASS,missense_variant,DNA,DNA-unique,310,29,0.094,255,0.004,1.99947,MODERATE,Confirmed somatic variant,COSV105240002,R/G,1133,ENST00000335110
1881,PT25,chr4_86803847_A/G,PTPN13,ENSG00000163629,PASS,missense_variant,DNA,DNA-unique,252,10,0.04,196,0.0,1.44174,MODERATE,,,K/R,2024,ENST00000316707
1883,PT25,chr9_132897513_C/A,TSC1,ENSG00000165699,PASS,missense_variant,DNA,DNA-unique,246,16,0.065,174,0.006,4.51366,MODERATE,,,R/L,908,ENST00000298552
1884,PT25,chr9_136503330_G/GCTA,NOTCH1,ENSG00000148400,PASS,Inframe_variant,DNA,DNA-unique,196,7,0.036,172,0.006,8.04643,MODERATE,,,G/GS,1673,ENST00000651671
1885,PT25,chr9_136506830_G/A,NOTCH1,ENSG00000148400,PASS,missense_variant,DNA,DNA-unique,100,9,0.09,75,0.013,8.04643,MODERATE,,,R/C,1263,ENST00000651671
1886,PT25,chr9_136518251_A/G,NOTCH1,ENSG00000148400,PASS,missense_variant,DNA,DNA-unique,132,10,0.076,111,0.018,8.04643,MODERATE,,,C/R,381,ENST00000651671
1887,PT25,chrX_45079238_A/ATGAGCT,KDM6A,ENSG00000147050,PASS,protein_altering_variant,DNA,DNA-unique,363,12,0.033,183,0.005,6.51677,MODERATE,,,N/MSY,1011,ENST00000377967
1888,PT25,chrX_47169472_G/T,RBM10,ENSG00000182872,PASS,missense_variant,DNA,DNA-unique,123,6,0.049,82,0.012,15.6087,MODERATE,,,D/Y,124,ENST00000329236
1889,PT25,chr1_119966381_G/A,NOTCH2,ENSG00000134250,PASS,missense_variant,RNA,RNA-unique,10,2,0.2,129,0.0,5.14903,MODERATE,Reported in another cancer sample as somatic,COSV99866846,P/L,521,ENST00000256646
1892,PT25,chr12_124340172_C/T,NCOR2,ENSG00000196498,PASS,missense_variant,RNA,RNA-unique,41,11,0.2683,67,0.0,29.9193,MODERATE,,,G/S,1831,ENST00000404621
1893,PT25,chr12_124340193_T/TGCCGCTGCT,NCOR2,ENSG00000196498,PASS,Inframe_variant,RNA,RNA-unique,47,7,0.1489,127,0.0,29.9193,MODERATE,,,-/SSG,1823,ENST00000404621
1894,PT25,chr12_124402549_G/GCTG,NCOR2,ENSG00000196498,PASS,Inframe_variant,RNA,RNA-unique,25,3,0.12,110,0.0,29.9193,MODERATE,,,-/Q,497,ENST00000404621
1895,PT25,chr14_37592302_G/C,FOXA1,ENSG00000129514,PASS,missense_variant,RNA,RNA-unique,13,6,0.4615,29,0.0,14.6758,MODERATE,,,T/R,161,ENST00000250448
1896,PT25,chr18_51058145_G/A,SMAD4,ENSG00000141646,PASS,missense_variant,RNA,RNA-unique,14,2,0.1429,211,0.0,7.35909,MODERATE,,,G/R,230,ENST00000342988
